"Variable","box0","box1","box2","box3","box4","box5","box6","box7","box8","box9","box10","box11","box12","box13","box14","box15","box16","box17","box18","box19","box20","box21","box22","box23","box24","box25","box26","box27","box28"
"1","ice_dz",NA,NA,NA,NA,1,NA,NA,NA,NA,NA,NA,NA,NA,NA,NA,NA,NA,NA,NA,NA,NA,NA,NA,NA,NA,NA,NA,NA,NA
"2","reef",0,0,0,0,0,0,0,0,0,0,0,0,0,0,0,0,0,0,0,0,0,0,0,0,0,0,0,0,0
"3","flat",0,0,0,0,0,0,0,0,0,0,0,0,0,0,0,0,0,0,0,0,0,0,0,0,0,0,0,0,0
"4","soft",0,0,0,0,0,0,0,0,0,0,0,0,0,0,0,0,0,0,0,0,0,0,0,0,0,0,0,0,0
"5","Rugosity",0,0,0,0,0,0,0,0,0,0,0,0,0,0,0,0,0,0,0,0,0,0,0,0,0,0,0,0,0
"6","Pelagic_Bacteria_N",2.64912278947368,2.2807017368421,2.2807017368421,2.2807017368421,2.2807017368421,2.2807017368421,2.2807017368421,2.64912278947368,2.64912278947368,2.64912278947368,2.64912278947368,2.64912278947368,2.64912278947368,2.64912278947368,2.64912278947368,2.64912278947368,2.64912278947368,2.64912278947368,2.64912278947368,2.64912278947368,2.64912278947368,1.70709208785295,0.942030701620734,2.64912278947368,2.64912278947368,2.64912278947368,2.64912278947368,2.64912278947368,2.64912278947368
"7","Sediment_bacteria_N",7.017544,7.017544,7.017544,7.017544,7.017544,7.017544,7.017544,7.017544,7.017544,7.017544,7.017544,7.017544,7.017544,7.017544,7.017544,7.017544,7.017544,7.017544,7.017544,7.017544,7.017544,4.52209836635771,2.49544563364229,7.017544,7.017544,7.017544,7.017544,7.017544,7.017544
"8","Ice_Bacteria_N",NA,NA,NA,NA,0.4210526,NA,NA,NA,NA,NA,NA,NA,NA,NA,NA,NA,NA,NA,NA,NA,NA,NA,NA,NA,NA,NA,NA,NA,NA
"9","Labile_Detritus_N",271.008771929824,264.298245614035,264.298245614035,264.298245614035,264.298245614035,264.298245614035,264.298245614035,271.008771929824,271.008771929824,271.008771929824,271.008771929824,271.008771929824,271.008771929824,271.008771929824,271.008771929824,271.008771929824,271.008771929824,271.008771929824,271.008771929824,271.008771929824,271.008771929824,174.637782793021,96.3709891368032,271.008771929824,271.008771929824,271.008771929824,271.008771929824,271.008771929824,271.008771929824
"10","Refractory_Detritus_N",271.008771929824,264.298245614035,264.298245614035,264.298245614035,264.298245614035,264.298245614035,264.298245614035,271.008771929824,271.008771929824,271.008771929824,271.008771929824,271.008771929824,271.008771929824,271.008771929824,271.008771929824,271.008771929824,271.008771929824,271.008771929824,271.008771929824,271.008771929824,271.008771929824,174.637782793021,96.3709891368032,271.008771929824,271.008771929824,271.008771929824,271.008771929824,271.008771929824,271.008771929824
"11","Carrion_N",0,0,0,0,0,0,0,0,0,0,0,0,0,0,0,0,0,0,0,0,0,0,0,0,0,0,0,0,0
"12","Ice_Diatoms_N",NA,NA,NA,NA,0.0394,NA,NA,NA,NA,NA,NA,NA,NA,NA,NA,NA,NA,NA,NA,NA,NA,NA,NA,NA,NA,NA,NA,NA,NA
"13","Ice_Diatoms_S",NA,NA,NA,NA,0.1182,NA,NA,NA,NA,NA,NA,NA,NA,NA,NA,NA,NA,NA,NA,NA,NA,NA,NA,NA,NA,NA,NA,NA,NA
"14","Ice_Diatoms_F",NA,NA,NA,NA,8.673e-05,NA,NA,NA,NA,NA,NA,NA,NA,NA,NA,NA,NA,NA,NA,NA,NA,NA,NA,NA,NA,NA,NA,NA,NA
"15","Ice_Mixotrophs_N",NA,NA,NA,NA,0.0394,NA,NA,NA,NA,NA,NA,NA,NA,NA,NA,NA,NA,NA,NA,NA,NA,NA,NA,NA,NA,NA,NA,NA,NA
"16","Ice_Mixotrophs_F",NA,NA,NA,NA,8.673e-05,NA,NA,NA,NA,NA,NA,NA,NA,NA,NA,NA,NA,NA,NA,NA,NA,NA,NA,NA,NA,NA,NA,NA,NA
"17","Pelagic_Picophytoplankton_N",0.630020666666666,1.068946625,2.24142594333333,4.49670427,0.482618808333333,2.716195615,1.963655615,0.685879333333334,0.873414666666667,1.274077,0.945731,1.39671033333333,1.40172966666667,0.452718,0.566036666666666,0.737471333333333,1.282653,1.244125,1.014642,0.517121333333334,0.549815666666666,0.696075938070271,0.384118061929729,1.31040166666667,1.171007,0.786674,0.480673,0.555105333333334,0.909900333333333
"18","Pelagic_Diatoms_N",0.630020666666667,1.068946625,2.24142594333333,4.49670427,0.482618808333333,2.716195615,1.963655615,0.685879333333333,0.873414666666667,1.274077,0.945731,1.39671033333333,1.40172966666667,0.452718,0.566036666666667,0.737471333333333,1.282653,1.244125,1.014642,0.517121333333333,0.549815666666667,0.696075938070271,0.384118061929729,1.31040166666667,1.171007,0.786674,0.480673,0.555105333333333,0.909900333333333
"19","Pelagic_Diatoms_S",1.890062,3.206839875,6.72427783,13.49011281,1.447856425,8.148586845,5.890966845,2.057638,2.620244,3.822231,2.837193,4.190131,4.205189,1.358154,1.69811,2.212414,3.847959,3.732375,3.043926,1.551364,1.649447,2.08822781421081,1.15235418578919,3.931205,3.513021,2.360022,1.442019,1.665316,2.729701
"20","Pelagic_Dinoflagellates_N",0.630020666666666,1.068946625,2.24142594333333,4.49670427,0.482618808333333,2.716195615,1.963655615,0.685879333333334,0.873414666666667,1.274077,0.945731,1.39671033333333,1.40172966666667,0.452718,0.566036666666666,0.737471333333333,1.282653,1.244125,1.014642,0.517121333333334,0.549815666666666,0.696075938070271,0.384118061929729,1.31040166666667,1.171007,0.786674,0.480673,0.555105333333334,0.909900333333333
"21","Ice_Zoobiota_N",NA,NA,NA,NA,0.0394,NA,NA,NA,NA,NA,NA,NA,NA,NA,NA,NA,NA,NA,NA,NA,NA,NA,NA,NA,NA,NA,NA,NA,NA
"22","Ice_Zoobiota_F",0,0,0,0,0,0,0,0,0,0,0,0,0,0,0,0,0,0,0,0,0,0,0,0,0,0,0,0,0
"23","Copepods_N",1.34384959481361,2.24536737462561,4.70820995412641,9.44551758905672,1.01376124846677,5.70548372050566,4.12474190801945,1.46299799027553,1.86301536466775,2.71763769465154,2.01726811280389,2.97921802787682,2.98992392090762,0.965658886223664,1.20737027941653,1.57304512933549,2.73593116628849,2.65375005251217,2.1642564356564,1.10303282204214,1.17277061393841,1.48474742936841,0.819333457503549,2.79511965251217,2.49778674100486,1.67799511961102,1.02528758249595,1.18405373095624,1.94083966547812
"24","Salps_N",0.056750405186386,0.094821257374392,0.198826433873582,0.398881654943273,0.042810863533225,0.240941035494327,0.174186735980551,0.061782009724473,0.078674635332253,0.11476510534846,0.08518868719611,0.125811572123177,0.126263679092383,0.040779513776337,0.050986920583468,0.066429270664506,0.115537633711507,0.112067147487844,0.091395964343598,0.046580777957861,0.049525786061588,0.062700482659139,0.0346002304689,0.118037147487844,0.105480858995138,0.070861280388979,0.043297617504052,0.05000226904376,0.08196113452188
"25","Benthos_N",NA,33.1115789473684,33.1115789473684,33.1115789473684,33.1115789473684,33.1115789473684,33.1115789473684,33.1115789473684,33.1115789473684,33.1115789473684,33.1115789473684,33.1115789473684,33.1115789473684,33.1115789473684,33.1115789473684,33.1115789473684,33.1115789473684,33.1115789473684,33.1115789473684,33.1115789473684,33.1115789473684,21.3370685050808,11.7745104422876,33.1115789473684,33.1115789473684,33.1115789473684,NA,NA,NA
"26","Cephalopod_N1",0.024970181,0.041721353,0.087483631,0.175507929,0.018836781,0.106014054,0.076642163,0.027184086,0.034616838,0.050496644,0.03748302,0.055357092,0.055556018,0.017942986,0.022434243,0.029228881,0.050836562,0.049309543,0.040214222,0.02049554,0.021791344,0.02758821186975,0.01522410113025,0.051936343,0.046411581,0.031178966,0.019050953,0.022000999,0.0360629
"27","Cephalopod_N2",0,0,0,0,0,0,0,0,0,0,0,0,0,0,0,0,0,0,0,0,0,0,0,0,0,0,0,0,0
"28","Fish_Mesopelagic1_Nums",0,105419291.887352,256769251.745078,1029614958.89443,202128602.170333,400341981.721321,734982310.09128,201821711.665351,639773833.152695,984426473.08346,245378447.399588,352931253.478033,466718320.962329,592365294.17003,608295173.527785,1027160003.10286,210519484.380868,378678440.960259,369375520.508811,556685321.93616,489958982.292268,1923385842.18455,1061388853.76673,80399167.9350475,451490038.693321,657034606.269035,0,0,0
"29","Fish_Mesopelagic2_Nums",0,38781590.1882084,94460128.8419889,378774175.699839,74358957.2111869,147277584.513108,270384881.507275,74246058.5037135,235359640.216325,362150260.792317,90269686.1048765,129836152.301436,171696075.100095,217919013.388628,223779288.504688,377871047.935137,77445790.269734,139308013.244133,135885660.067192,204793085.142219,180245836.602608,707574108.779916,390463138.389304,29577200.9705941,166093903.128972,241709523.784551,0,0,0
"30","Fish_Mesopelagic3_Nums",0,14266949.726178,34749939.4113733,139343232.086631,27355131.6249426,54180395.487762,99469039.110103,27313598.5115283,86583972.9170931,133227635.56037,33208361.6789835,47764051.1525024,63163456.159153,80167924.8660405,82323799.6008475,139010989.949245,28490714.0455104,51248554.0629555,49989540.6887312,75339165.7178949,66308737.6428465,260301967.725337,143643361.148704,10880844.1644776,61102532.26507,88919964.535676,0,0,0
"31","Fish_Mesopelagic4_Nums",0,5248517.49248741,12783788.2913975,51261510.3510525,10063390.5353551,19931853.6144856,36592614.521685,10048111.3568022,31852463.5711436,49011708.1185414,12216673.5366836,17571412.4460668,23236536.9542861,29492131.3995932,30285233.3922696,51139285.2992175,10481147.9616377,18853289.4295246,18390124.2929875,27715730.1826219,24393621.3488342,95759742.4226238,52843439.4273732,4002838.87070157,22478365.4238339,32711826.8623689,0,0,0
"32","Fish_Benthopelagic1_Nums",0,9198532.70005572,22404820.9417854,89840736.9115821,17637061.7122636,34932494.272526,64132083.3435444,19566981.643789,62027235.554481,95441935.2087525,23789886.3131754,34217326.2794188,45249189.216235,0,0,0,0,0,0,0,0,186475752.075438,102903577.851983,0,0,0,0,0,0
"33","Fish_Benthopelagic2_Nums",0,3383951.06929374,8242273.00761025,33050560.0894634,6488312.40661375,12850946.4717014,23592874.9815834,7198290.27252896,22818544.7531919,35111125.7889169,8751810.0824231,12587850.8700535,16646246.4423294,0,0,0,0,0,0,0,0,68600595.4655366,37856110.7147294,0,0,0,0,0,0
"34","Fish_Benthopelagic3_Nums",0,1244886.02832328,3032162.78802212,12158621.5761149,2386916.74229081,4727599.00653366,8679333.66385262,2648103.00284779,8394473.49214976,12916661.334127,3219611.00236041,4630811.54362474,6123811.83880625,0,0,0,0,0,0,0,0,25236748.7238898,13926484.8546589,0,0,0,0,0,0
"35","Fish_Benthopelagic4_Nums",0,203541.322854092,495764.600888188,1987958.62703832,390265.598789645,772971.769158339,1419088.18577715,974182.65285206,3088154.21722054,4751774.1533994,1184428.69633777,1703580.36283893,2252824.4770991,0,0,0,0,0,0,0,0,9284081.01752872,5123267.46581449,0,0,0,0,0,0
"36","Fish_Benthopelagic5_Nums",0,74878.6681068592,182381.604327329,731329.108786804,143570.690391173,284360.422479272,522053.368756696,358381.76993013,1136068.44768233,1748080.02012547,435726.96691616,626712.19187183,828767.809692565,0,0,0,0,0,0,0,0,3415422.53651884,1884744.77229566,0,0,0,0,0,0
"37","Fish_Benthopelagic6_Nums",0,27546.3225788134,67094.4426798888,269040.943852898,52816.7053497028,104610.35331295,192052.701559882,131841.285247928,417936.225665882,643082.700926724,160294.993092445,230554.530921138,304886.638690581,0,0,0,0,0,0,0,0,1256463.73409891,693358.853582925,0,0,0,0,0,0
"38","Fish_Benthopelagic7_Nums",0,10133.7257566221,24682.666078787,98974.6320768416,19430.1800485654,38483.9983175151,70652.2405253152,48501.6983403326,153750.145143267,236576.904643945,58969.2324814286,84816.2719948125,112161.52626213,0,0,0,0,0,0,0,0,462227.176352488,255072.467587358,0,0,0,0,0,0
"39","Fish_Benthopelagic8_Nums",0,3727.9893683308,9080.24540368544,36410.7323385776,7147.96377812676,14157.4717950902,25991.5067619632,17842.7776813074,56561.517475333,87031.779474484,21693.5682915769,31202.1627436966,41261.9196022486,0,0,0,0,0,0,0,0,170043.875330808,93835.9168342584,0,0,0,0,0,0
"40","Fish_Benthopelagic9_Nums",0,1371.45064551461,3340.43560480736,13394.7598653589,2629.58892021098,5208.24281237824,9561.7409827948,6563.99108234566,20807.8194406343,32017.2023972294,7980.61778011981,11478.6341934915,15179.4119249362,0,0,0,0,0,0,0,0,62555.6458313238,34520.3046467968,0,0,0,0,0,0
"41","Fish_Benthopelagic10_Nums",0,504.528497066128,1228.87758356572,4927.65677389387,967.371702477832,1916.00545530288,3517.56792937663,2414.75737122765,7654.7689878168,11778.4705257657,2935.90520915336,4222.75353251307,5584.19357625665,0,0,0,0,0,0,0,0,23012.936030546,12699.3103825316,0,0,0,0,0,0
"42","Fish_Benthopelagic11_Nums",0,185.605661555756,452.078798710268,1812.78362026476,355.876161312611,704.85901617826,1294.04092414166,888.339592291851,2816.03213753454,4333.05715487299,1080.05916767566,1553.46420974564,2054.31001222646,0,0,0,0,0,0,0,0,8465.98604663141,4671.81520678839,0,0,0,0,0,0
"43","Fish_Benthopelagic12_Nums",0,68.2805070513872,166.310495834991,666.885825187744,130.919523349922,259.30314097631,476.051052026211,326.801872782793,1035.96032907703,1594.0426446986,397.331563036616,571.487545361064,755.738419290766,0,0,0,0,0,0,0,0,3114.4622158,1718.66476752957,0,0,0,0,0,0
"44","Fish_Benthopelagic13_Nums",0,25.118994776967,61.1822122687219,245.333584695224,48.1626010884008,95.3922945963648,175.12939498848,120.223690333115,381.10850693664,586.415517335168,146.170113369686,210.238518823867,278.020627360477,0,0,0,0,0,0,0,0,1145.74661949808,632.261434239823,0,0,0,0,0,0
"45","Fish_Benthopelagic14_Nums",0,9.240761761339,22.50767805905,90.2531820382656,17.718030773764,35.0928640281723,64.4265039610547,44.2278240153148,140.201984557534,215.730212811524,53.7729796224066,77.342428817636,102.278073027506,0,0,0,0,0,0,0,0,421.496626105023,232.595983102401,0,0,0,0,0,0
"46","Fish_Benthopelagic15_Nums",0,3.39948627275984,8.28011202643003,33.2022901721816,6.51809925971072,12.9099432077894,23.7011862738226,16.2705071829829,51.5774277301528,79.3627101328997,19.7819736936142,28.452689492274,37.6260003494508,0,0,0,0,0,0,0,0,155.059943267164,85.5672802824334,0,0,0,0,0,0
"47","Fish_Benthopelagic16_Nums",0,1.25060111029288,3.04608298512002,12.2144399541542,2.39787471316236,4.74930269283664,8.71917916151408,5.98558509005168,18.9742752904291,29.1959094535423,7.27738142767499,10.4671595102423,13.8418319820725,0,0,0,0,0,0,0,0,57.0433652771997,31.4784432528618,0,0,0,0,0,0
"48","Fish_Benthopelagic17_Nums",0,0.460070437582928,1.1205913063278,4.4934413445564,0.882128809477304,1.74717082059477,3.2076067574115,2.20197369801233,6.98024579047614,10.7405748542612,2.67719901280451,3.85065279128029,5.09212541435382,0,0,0,0,0,0,0,0,20.9850813407147,11.5802721128098,0,0,0,0,0,0
"49","Fish_Benthopelagic18_Nums",0,0.169250455477509,0.412242503553443,1.65304469077206,0.324517053471741,0.642748225111456,1.18001258141428,0.810060853498991,2.56788892063968,3.95123667524564,0.984886476735259,1.41657599700145,1.87328825180738,0,0,0,0,0,0,0,0,7.7199799965594,4.2601440334737,0,0,0,0,0,0
"50","Fish_Benthopelagic19_Nums",0,0.062263762979078,0.151655541834358,0.608121157072643,0.119383152281787,0.236453857867938,0.434102369025956,0.29800473410007,0.944673541115265,1.45357874002548,0.362319486678678,0.521129186153772,0.689144235227928,0,0,0,0,0,0,0,0,2.84002192698898,1.56721940634416,0,0,0,0,0,0
"51","Fish_Benthopelagic20_Nums",0,0.022905558329974,0.055790955980576,0.223715271428416,0.043918607346709,0.086986513095289,0.159697336928468,0.109629815047178,0.347525974394931,0.53474173457926,0.133289890284876,0.191712713780378,0.253521996142171,0,0,0,0,0,0,0,0,1.04478567941535,0.576547799398929,0,0,0,0,0,0
"52","Seal_Fish1_Nums",0,0,0,0,0,0,0,0,0,0,0,0,0,10500.6065656369,10782.9887332286,18208.0266664737,3731.78898500712,6712.67098620916,6547.7620887206,9868.12293705816,8685.29361356234,34095.0393304081,18814.786882767,1425.20171083515,8003.3710807877,11646.9718404179,0,0,0
"53","Seal_Fish2_Nums",0,0,0,0,0,0,0,0,0,0,0,0,0,3862.95727532767,3966.8398693381,6698.35867489706,1372.84844637416,2469.45365117438,2408.78705812209,3630.27955149605,3195.14096096721,12542.8640155889,6921.57328419211,524.30240893862,2944.27568068786,4284.68149199247,0,0,0
"54","Seal_Fish3_Nums",0,0,0,0,0,0,0,0,0,0,0,0,0,1421.1025637167,1459.3188343487,2464.18844608701,505.042719265211,908.46122919281,886.143236842956,1335.50521270048,1175.4266711846,4614.26180474425,2546.30451181579,192.880077205181,1083.13849206612,1576.24623287181,0,0,0
"55","Seal_Fish4_Nums",0,0,0,0,0,0,0,0,0,0,0,0,0,522.794416987404,536.853397271159,906.524268487615,185.794833330991,334.204209321373,325.99387876764,491.304911329801,432.4153069334,1697.49205414805,936.733080859114,70.9566150153465,398.464383172563,579.868583297474,0,0,0
"56","Seal_Fish5_Nums",0,0,0,0,0,0,0,0,0,0,0,0,0,192.325317968876,197.497327779104,333.491641299574,68.3500994583464,122.94685776229,119.92644594635,180.740976224792,159.076701468637,624.472428272946,344.604842313254,26.1034798792628,146.586854608246,213.321730376351,0,0,0
"57","Seal_Fish6_Nums",0,0,0,0,0,0,0,0,0,0,0,0,0,70.75253049751,72.65520657623,122.684718636634,25.144596392749,45.2296213273762,44.1184739164206,66.4908893303576,58.5210480396785,229.730567940025,126.773036815173,9.6029335906132,53.9262901563609,78.4766789605769,0,0,0
"58","Seal_Fish7_Nums",0,0,0,0,0,0,0,0,0,0,0,0,0,26.0284013808894,26.7283567934592,45.1331857323207,9.25018006944595,16.6390478183111,16.2302795297097,24.4606312098442,21.5286904496041,84.5131529537745,46.6371939391725,3.53272184292126,19.8383734871711,28.8699568010077,0,0,0
"59","Seal_Fish8_Nums",0,0,0,0,0,0,0,0,0,0,0,0,0,9.5753137545876,9.8328129606087,16.6035711454931,3.40295107468299,6.12116361302519,5.97078616344589,8.9985633401782,7.91996261175331,31.0906514802712,17.1568648441469,1.29961573738802,7.29812975221086,10.6206635745984,0,0,0
"60","Seal_Fish9_Nums",0,0,0,0,0,0,0,0,0,0,0,0,0,3.52256107307891,3.61728973709204,6.10811247445426,1.25187573968814,2.25185024927867,2.19652947716265,3.31038645293059,2.91359141971052,11.4376114922183,6.31165785111875,0.478101911207916,2.68483189484001,3.90712378069315,0,0,0
"61","Seal_Fish10_Nums",0,0,0,0,0,0,0,0,0,0,0,0,0,1.29587779905655,1.33072652703661,2.24704900371455,0.460539347532558,0.828409411306411,0.808058036575196,1.21782311836562,1.07185038328502,4.20766212409331,2.3219291631349,0.175883863918167,0.987694457113006,1.43735051302905,0,0,0
"62","Seal_Krill1_Nums",0,4974.40405762836,12116.1315437384,48584.2841250748,9537.81154092048,18890.8760688844,34681.4982357301,9523.33034544008,30188.9103466937,46451.9819330208,11578.6353953446,16653.7132619046,22022.9662711579,0,0,0,0,0,0,0,0,0,0,0,0,0,0,0,0
"63","Seal_Krill2_Nums",0,1829.98098488128,4457.2757014702,17873.1592936471,3508.76477967236,6949.56493146016,12758.6101899488,3503.43744557154,11105.8794679165,17088.7291548257,4259.54191876724,6126.55872821892,8101.79652477108,0,0,0,0,0,0,0,0,0,0,0,0,0,0,0,0
"64","Seal_Krill3_Nums",0,673.212382072492,1639.7400942039,6575.16785291504,1290.80242634791,2556.60206337022,4693.6303868026,1288.84260965596,4085.62473237452,6286.5921318074,1566.99790072243,2253.8350012412,2980.48437801752,0,0,0,0,0,0,0,0,0,0,0,0,0,0,0,0
"65","Seal_Krill4_Nums",0,247.660994906524,603.226669522136,2418.86907533882,474.859675267608,940.521338370392,1726.69012376225,474.13869899818,1503.01734338216,2312.70800032209,576.466312034592,829.139560749248,1096.4589274053,0,0,0,0,0,0,0,0,0,0,0,0,0,0,0,0
"66","Seal_Krill5_Nums",0,91.1093884061752,221.914690083514,889.852203702528,174.691111972301,345.998464369517,635.213797805904,174.425879625205,552.929180354412,850.797726751216,212.070104725447,305.023398261569,403.3646974813,0,0,0,0,0,0,0,0,0,0,0,0,0,0,0,0
"67","Seal_Krill6_Nums",0,33.5172708923357,81.6378521756572,327.358331423263,64.265268649988,127.285721718435,233.682096961226,64.1676951223576,203.411277876165,312.990992267171,78.0162316155668,112.21183729668,148.389579497709,0,0,0,0,0,0,0,0,0,0,0,0,0,0,0,0
"68","Seal_Krill7_Nums",0,12.3303148854643,30.0328874368175,120.428400026806,23.6418711176901,46.8258001748816,85.9668392418664,23.6059758228724,74.8308272330528,115.142951326942,28.7005676890365,41.2804279975236,54.5894755812824,0,0,0,0,0,0,0,0,0,0,0,0,0,0,0,0
"69","Seal_Krill8_Nums",0,4.53606934953252,11.0484818470213,44.3031325030324,8.69735833502312,17.2262492007411,31.6254327795731,8.68415319402488,27.5287229048922,42.358724588986,10.5583488027459,15.1862207830469,20.0823457706843,0,0,0,0,0,0,0,0,0,0,0,0,0,0,0,0
"70","Seal_Krill9_Nums",0,1.66872665742093,4.064509327675,16.2982116273598,3.19957932395609,6.33718292944864,11.6343465377543,3.19472142406506,10.1272511984152,15.5829039305312,3.88419945724733,5.58669841517344,7.387882139531,0,0,0,0,0,0,0,0,0,0,0,0,0,0,0,0
"71","Seal_Krill10_Nums",0,0.6138902301999,1.4952494201012,5.99577698556704,1.17705945368067,2.33131931468677,4.28003690270396,1.17527233218349,3.72560751147581,5.73262998979208,1.42891712573057,2.05523149096739,2.71784995293115,0,0,0,0,0,0,0,0,0,0,0,0,0,0,0,0
"72","Penguin_Krill1_Nums",0,4090.11781754244,9962.27988973608,39947.5884649494,7842.30080064704,15532.6965608757,28516.2628989686,7830.3938877852,24822.3101040314,38194.3398170577,9520.3329654538,13693.2280835333,18108.003631644,0,0,0,0,0,0,0,0,0,0,0,0,0,0,0,0
"73","Penguin_Krill2_Nums",0,1504.67025704288,3664.9179586296,14695.8965206323,2885.02123604038,5714.15973070052,10490.5468595705,2880.6409275907,9131.61756965532,14050.9123878113,3502.3347710972,5037.45709520336,6661.56225673964,0,0,0,0,0,0,0,0,0,0,0,0,0,0,0,0
"74","Penguin_Krill3_Nums",0,553.537253308224,1348.24797055984,5406.31819952356,1061.34000008228,2102.12188849447,3859.25651628162,1059.72857465765,3359.33436851612,5169.04179717692,1288.43695838655,1853.17690110852,2450.65180033815,0,0,0,0,0,0,0,0,0,0,0,0,0,0,0,0
"75","Penguin_Krill4_Nums",0,203.634975414604,495.992709970084,1988.87331803573,390.445166123168,773.327425613604,1419.74113054693,389.852355838466,1235.83005019773,1901.58420773728,473.989468235876,681.745682771628,901.544414814188,0,0,0,0,0,0,0,0,0,0,0,0,0,0,0,0
"76","Penguin_Krill5_Nums",0,74.9131209584848,182.465520968904,731.665604799776,143.636749521482,284.491261177282,522.293573713716,143.418666805225,454.636468249616,699.553735682832,174.370980695763,250.80022079907,331.659655513079,0,0,0,0,0,0,0,0,0,0,0,0,0,0,0,0
"77","Penguin_Krill6_Nums",0,27.5589970746161,67.1253138870964,269.164733818107,52.8410071456452,104.658486180057,192.141068025237,52.7607789978596,167.251409875827,257.351437352394,64.1474989348736,92.2642450732364,122.010768729264,0,0,0,0,0,0,0,0,0,0,0,0,0,0,0,0
"78","Penguin_Krill7_Nums",0,10.1383884430552,24.6940229612427,99.0201718600652,19.4391201796761,38.5017054097687,70.6847487312084,19.4096058935025,61.5283552002552,94.6743029578664,23.5985460607071,33.9421189176472,44.88525341702,0,0,0,0,0,0,0,0,0,0,0,0,0,0,0,0
"79","Penguin_Krill8_Nums",0,3.72970467481016,9.08442336725676,36.427485488581,7.15125266856376,14.1639858702932,26.0034658625808,7.14039496945964,22.6350169272679,34.8287296654357,8.68141993727148,12.4866077395987,16.5123619438918,0,0,0,0,0,0,0,0,0,0,0,0,0,0,0,0
"80","Penguin_Krill9_Nums",0,1.37208167150368,3.3419725917112,13.40092300482,2.63079883538702,5.21063920672368,9.56614049004688,2.62680451110819,8.32695737810944,12.8127736060317,3.19371591509804,4.59356627737056,6.07455848433952,0,0,0,0,0,0,0,0,0,0,0,0,0,0,0,0
"81","Penguin_Krill10_Nums",0,0.504760638554352,1.22944300944899,4.92992406619472,0.96781680539666,1.91688703951551,3.51918641764596,0.966347375613104,3.06331642691732,4.71355599404316,1.17490242610661,1.68987859510307,2.23470518058207,0,0,0,0,0,0,0,0,0,0,0,0,0,0,0,0
"82","Penguin_Krill11_Nums",0,0.185691061636715,0.452286807268232,1.81361771048935,0.356039905525654,0.705183332885744,1.29463633270172,0.355499332518039,1.12693113526564,1.7340203450189,0.432222447947072,0.6216715932141,0.82210209301546,0,0,0,0,0,0,0,0,0,0,0,0,0,0,0,0
"83","Penguin_Krill12_Nums",0,0.068311923985446,0.166387017907053,0.667192669833452,0.130979761479511,0.259422450425424,0.476270090594556,0.130780895783557,0.414574796280224,0.637910435505464,0.159005752612521,0.228700198303763,0.3024344585644,0,0,0,0,0,0,0,0,0,0,0,0,0,0,0,0
"84","Penguin_Krill13_Nums",0,0.025130552421112,0.06121036316583,0.245446466532013,0.048184761457851,0.095436186089831,0.175209974774597,0.048111602856756,0.152513544379333,0.234674134531181,0.058494947414139,0.084134101147786,0.111259419607659,0,0,0,0,0,0,0,0,0,0,0,0,0,0,0,0
"85","Penguin_Krill14_Nums",0,0.009245013581008,0.022518034195346,0.090294708945302,0.017726183118094,0.035109010806261,0.064456147607742,0.017699269572806,0.056106597477345,0.086331789468723,0.021519088566066,0.030951206113709,0.040930053110325,0,0,0,0,0,0,0,0,0,0,0,0,0,0,0,0
"86","Penguin_Krill15_Nums",0,0.003401050429804,0.008283921836063,0.033217567067536,0.006521098339587,0.012915883275489,0.023712091562,0.006511197399586,0.020640463725997,0.031759690465084,0.007916430276203,0.011386312408694,0.015057325065344,0,0,0,0,0,0,0,0,0,0,0,0,0,0,0,0
"87","Penguin_Fish1_Nums",0,1043.87922408476,2542.57150168387,10195.4172253904,2001.51077304113,3964.25236563313,7277.91611799045,1998.47189261912,6335.14606847105,9747.95338209005,2429.77787739565,3494.7835110635,4621.52182992178,0,0,0,0,0,0,0,0,0,0,0,0,0,0,0,0
"88","Penguin_Fish2_Nums",0,384.021705606779,935.359783177895,3750.68439138632,736.31466468499,1458.36694493168,2677.39571437897,735.196723053555,2330.56999540859,3586.07164276856,893.865327707045,1285.65900506521,1700.16286815325,0,0,0,0,0,0,0,0,0,0,0,0,0,0,0,0
"89","Penguin_Fish3_Nums",0,141.273690456326,344.099634329726,1379.79967791365,270.875027370653,536.50321672437,984.95883920055,270.463759628018,857.368787521845,1319.24203194245,328.834677239396,472.967516320423,625.454965836655,0,0,0,0,0,0,0,0,0,0,0,0,0,0,0,0
"90","Penguin_Fish4_Nums",0,51.9716862973005,126.587181184517,507.59993443941,99.649353696415,197.368503555243,362.346107341971,99.4980567490825,315.408350431373,485.322021480868,120.971517300621,173.995025596202,230.092023309892,0,0,0,0,0,0,0,0,0,0,0,0,0,0,0,0
"91","Penguin_Fish5_Nums",0,19.1193149117884,46.5688214736283,186.735580220231,36.6589485509325,72.6078147927465,133.299683479612,36.6032895144969,116.0322476975,178.539994050576,44.5029341822138,64.0091927829415,84.6461249532495,0,0,0,0,0,0,0,0,0,0,0,0,0,0,0,0
"92","Penguin_Fish6_Nums",0,7.03360288532955,17.131712019731,68.6961808982435,13.4860735068497,26.7109223306352,49.0382130668096,13.4655976916296,42.6858784408227,65.6811932380785,16.3717145574423,23.5476660708237,31.1395691451295,0,0,0,0,0,0,0,0,0,0,0,0,0,0,0,0
"93","Penguin_Fish7_Nums",0,2.58751789887688,6.30240464412875,25.2719126394582,4.96124918529686,9.8263991801679,18.0401504190641,4.95371655383617,15.703257106722,24.1627606638979,6.02281720241024,8.66270223502635,11.4556072954297,0,0,0,0,0,0,0,0,0,0,0,0,0,0,0,0
"94","Penguin_Fish8_Nums",0,0.95189463865993,2.31852509851838,9.29701709913735,1.82514157779928,3.61493023912768,6.63660045481405,1.82237047754697,5.77690544899235,8.88898289019405,2.21567062670043,3.1868300572561,4.21428241012218,0,0,0,0,0,0,0,0,0,0,0,0,0,0,0,0
"95","Penguin_Fish9_Nums",0,0.350182467724307,0.852937717584905,3.420181454992,0.671432063699565,1.32985851624404,2.44146886659513,0.670412632887315,2.12520474827557,3.2700740582271,0.81509967197053,1.17236926057173,1.55034785797439,0,0,0,0,0,0,0,0,0,0,0,0,0,0,0,0
"96","Penguin_Fish10_Nums",0,0.128824930534455,0.313778250899181,1.25821444236739,0.247006052378384,0.489227607792941,0.89816620228049,0.246631024740861,0.78181913517051,1.20299301712982,0.299858411823545,0.431290548425705,0.57034110361296,0,0,0,0,0,0,0,0,0,0,0,0,0,0,0,0
"97","Flying_Seabirds1_Nums",0,53810.5961871635,131066.204976019,525560.301055086,103175.238559618,204351.977038459,375166.96977335,103018.588284876,326568.418081203,502494.130539715,125251.842520074,180151.477236534,238233.350393695,302369.035773215,310500.339731758,524307.184738401,107458.310151179,193293.962674984,188545.347058128,284156.424556876,250096.395758146,981779.871719259,541779.080328371,41039.2356283302,230460.17213447,335379.068156847,0,0,0
"98","Flying_Seabirds2_Nums",0,19795.8120544359,48216.5622430397,193342.82985404,37956.0491040425,75176.8911151876,138016.215186204,37898.4206885112,120137.807147955,184857.25993488,46077.5778319782,66274.0247719859,87641.151811233,111235.351907798,114226.691464062,192881.834123735,39531.7030876432,71108.8749706867,69361.9569112198,104535.306671259,92005.3223104988,361176.630561452,199309.385309579,15097.4910690533,84781.5593371031,123379.06417414,0,0,0
"99","Flying_Seabirds3_Nums",0,7282.47227612076,17737.8819731775,71126.8522012095,13963.250133471,27656.0326924616,50773.3281152981,13942.0498241697,44196.2293571522,68005.1854813278,16950.9935833618,24380.8511973005,32241.3779519379,40921.1990983495,42021.6514226619,70957.2613495626,14542.9008404375,26159.4931865462,25516.8379470572,38456.390200908,33846.8665563847,132869.457015131,73321.8252879117,5554.05657757415,31189.392670577,45388.6211806381,0,0,0
"100","Flying_Seabirds4_Nums",0,2679.07183128583,6525.40210785754,26166.1066400647,5136.79265603837,10174.0858519219,18678.4635734701,5128.99349809997,16258.884157794,25017.7096316312,6235.92204674784,8969.21391374699,11860.9401035562,15054.0678563662,15458.90164247,26103.7176523331,5350.03423419186,9623.53973479477,9387.12008442566,14147.315336581,12451.5663541672,48879.9415954795,26973.5921125871,2043.22322999255,11473.9363461285,16697.5405954754,0,0,0
"101","Flying_Seabirds5_Nums",0,985.575448151583,2400.56128085758,9625.97268837938,1889.72041171697,3742.83701763531,6871.42274134933,1886.85126185298,5981.30921804049,9203.50103867388,2294.06751774627,3299.58940233637,4363.3960170642,5538.08207035695,5687.01209735616,9603.0210624374,1968.16760432259,3540.30241972747,3453.32849086773,5204.50646009758,4580.67527208016,17981.9255986377,9923.02999276497,751.65982003817,4221.02529105047,6142.68190320098,0,0,0
"102","Flying_Seabirds6_Nums",0,362.572945098298,883.117142499689,3541.19745333257,695.189289032705,1376.91279044346,2527.85515814033,694.133787784104,2200.40069260633,3385.77881892814,843.940276438057,1213.85110542672,1605.20368836727,2037.3465372045,2092.13483231062,3532.75402200706,724.04839840993,1302.40447574725,1270.40855540184,1914.63092811386,1685.13625928069,6615.18074041328,3650.47872846582,276.520194546669,1552.82842524217,2259.76638584351,0,0,0
"103","Flying_Seabirds7_Nums",0,133.383132426646,324.880640871707,1302.73374020972,255.745847157724,506.537907890153,929.945942939014,255.357549948233,809.482177149272,1245.55841983739,310.468277278105,446.550866329718,590.521435842891,749.497905579365,769.653392965739,1299.62757541212,266.362520188123,479.127830717082,467.357189420649,704.353355884086,619.926985361916,2433.58899403133,1342.93607463625,101.726094642447,571.25365331322,831.321595202119,0,0,0
"104","Flying_Seabirds8_Nums",0,49.068912218811,119.516908611303,479.248960343535,94.0836393343006,186.344882486781,342.107993808054,93.9407927738646,297.791850967917,458.215335436163,114.21489634653,164.27688316,217.24069581764,275.724870663703,283.139660099941,478.106266173608,97.9892950758237,176.261278613886,171.931101671524,259.117118949868,228.058392942039,895.267359165217,494.038572666153,37.4229388496167,210.152474748012,305.826123876708,0,0,0
"105","Flying_Seabirds9_Nums",0,18.0514440059467,43.9678135504647,176.305839713174,34.611436661678,68.5524512343951,125.85449758239,34.5588863488516,109.551499719487,168.568001536441,42.0173122414155,60.4340879742872,79.9183857770888,101.433511336831,104.161259931038,175.885466020512,36.0482471132776,64.8429006766402,63.2499176029108,95.3238609172314,83.8979941499744,329.350455788734,181.746634029562,13.76712983099,77.3107749710944,112.507143547391,0,0,0
"106","Flying_Seabirds10_Nums",0,6.64075513324527,16.1748546784751,64.8592937889445,12.7328359772389,25.2190374510418,46.2992822395224,12.7135037975229,40.3017444962982,62.0127022046127,15.4573053468979,22.2324585116865,29.4003310989992,37.3153034666507,38.3187860951437,64.7046469498046,13.2614090032426,23.8543700648577,23.2683443418986,35.0676886845354,30.8643472032975,121.161261625119,66.8608501615858,5.06464402875931,28.4410446928973,41.3890650960096,0,0,0
"107","Flying_Seabirds11_Nums",0,2.44299728737466,5.95039650014671,23.8604007538513,4.68414858383427,9.27756540437094,17.0325540769144,4.67703667236373,14.8261832435324,22.813198232564,5.68642485303316,8.17886441314652,10.8157773749552,13.7275329864542,14.0966936150495,23.8035093610896,4.87859973325883,8.77553232895664,8.55994551348235,12.900681716441,11.3543588012705,44.5727372182758,24.5967321936917,1.86317841503226,10.4628756279551,15.2261861381285,0,0,0
"108","Flying_Seabirds12_Nums",0,0.898728476862739,2.18902853922248,8.77775089545348,1.72320196338496,3.41302557639149,6.26592647553763,1.72058563736751,5.45424800633611,8.39250661712897,2.09191879719724,3.00883606972534,3.97890213653325,5.05007716371932,5.18588376946945,8.75682172167683,1.7947365435704,3.22833792915849,3.14902797195788,4.74589558057496,4.17703517067142,16.3973936593409,9.04863209405895,0.68542503412476,3.84907683905842,5.60140084766706,0,0,0
"109","Flying_Seabirds13_Nums",0,0.330623729833126,0.805298595717504,3.22915409416155,0.63393057531559,1.25558194174674,2.30510553024213,0.63296808276237,2.00650570858138,3.08743064433704,0.769573918088957,1.10688893190704,1.46375629446371,1.85781956486173,1.90778002309247,3.22145468140842,0.660246676698646,1.1876391532914,1.15846265055711,1.74591741403993,1.53664536434006,6.03226401606646,3.32880571812838,0.252153778518733,1.41599623657875,2.060640213617,0,0,0
"110","Flying_Seabirds14_Nums",0,0.121629672969028,0.296252797368703,1.18793940361663,0.23321002578859,0.461902783074745,0.848000934306676,0.23285594456598,0.738152198780228,1.1358022600943,0.283110422926683,0.407201681708815,0.53848584761849,0.683453623318704,0.701833048773301,1.18510694795566,0.2428911784592,0.436908028026165,0.426174592504936,0.6422871226085,0.56530023791211,2.21914591522913,1.22459918735337,0.092762191130739,0.520915904213457,0.758067170240824,0,0,0
"111","Flying_Seabirds15_Nums",0,0.044745056121711,0.108985313541475,0.437018483948021,0.085793173962684,0.169924537713071,0.311962109825601,0.085662914760381,0.271551018386741,0.417838300724751,0.104150504176079,0.14980112711111,0.198097872700621,0.251428537013082,0.258189949778371,0.43597648174232,0.089354670997044,0.160729481193582,0.156780870932183,0.236284227736829,0.20796233561719,0.81637815917238,0.45050486470256,0.034125303035015,0.191634251739363,0.278877326958611,0,0,0
"112","Flying_Seabirds16_Nums",0,0.01646078624124,0.040093456241532,0.160770115656389,0.031561544893717,0.0625117439752,0.114764446629306,0.031513625211166,0.099898036893651,0.153714120570646,0.03831482927402,0.055108754928488,0.072876134706356,0.092495389690926,0.09498277444055,0.160386784467256,0.032871746432451,0.059129071721271,0.057676459184904,0.08692410965745,0.07650506781156,0.300328740980906,0.165731477871794,0.012553997410327,0.070498301439185,0.102593235196919,0,0,0
"113","Flying_Seabirds17_Nums",0,0.00605558484367,0.014749558276767,0.059144020304741,0.011610843498008,0.022996785440249,0.042219480492339,0.01159321483197,0.03675043398656,0.056548264775689,0.014095237981906,0.020273377966746,0.026809631710509,0.034027152270433,0.034942209982103,0.059003000641099,0.012092839707899,0.021752369861807,0.02121798357369,0.031977592885108,0.0281446415933,0.110484769399779,0.060969203463993,0.004618357551779,0.025934875736983,0.037741942032213,0,0,0
"114","Flying_Seabirds18_Nums",0,0.002227725168256,0.005426059256383,0.02175786913834,0.004271390617576,0.008460044576498,0.01553167889007,0.004264905393766,0.013519729117784,0.020802944044895,0.005185348271962,0.007458158957064,0.009862712331674,0.012517889761902,0.012854520681511,0.021705990903286,0.004448707113918,0.008002249668916,0.007805659939874,0.011763899000581,0.010353835021314,0.040645075224746,0.022429316499002,0.001698998795278,0.009540907592972,0.013884484543536,0,0,0
"115","Flying_Seabirds19_Nums",0,0.000819534289981,0.001996135647001,0.008004272739694,0.001571356793419,0.003112276471088,0.005713785350533,0.001568971012908,0.00497363039264,0.007652975429957,0.001907583024569,0.002743703349292,0.003628289101011,0.004605074290254,0.004728913884841,0.007985187803573,0.001636587887004,0.002943863136315,0.002871541816655,0.004327696590331,0.003808963041622,0.014952487560051,0.00825128441951,0.000625026727358,0.003509903753571,0.005107816414829,0,0,0
"116","Flying_Seabirds20_Nums",0,0.000301489816619,0.000734337266321,0.002944607382462,0.000578069859044,0.001144942528955,0.002101984161728,0.000577192179443,0.001829696369438,0.002815372324471,0.000701760577066,0.001009352054878,0.001334772966888,0.001694112156452,0.001739670197303,0.002937586426828,0.000602067037299,0.001082986725473,0.001056381198812,0.001592070603211,0.001401239195195,0.005500712767714,0.003035477901196,0.000229934483178,0.001291221431429,0.001879060648294,0,0,0
"117","Minke_Whales1_Nums",0,25.3487821563455,61.7419042606444,247.577884755843,48.6031902913694,96.2649388077608,176.731470433133,69.3277091322485,219.768496903737,338.160010758308,84.2898689554712,121.235297644171,160.322255397474,203.483205426154,208.955272992688,352.839391459882,72.3154781484958,130.07970546339,126.884062349394,191.226790016408,168.305647250748,660.701631731071,364.597332581159,27.6178914700617,155.091193213836,225.69773934318,0,0,0
"118","Minke_Whales2_Nums",0,9.32529581405303,22.7135772362666,91.0788138903874,17.8801144835382,35.4138918930021,65.0158745803482,25.5042388932679,80.8483118280346,124.402115784295,31.0085098877528,44.5999735475911,58.9792617229678,74.8572878999474,76.8703490583762,129.802358153533,26.6033776893143,47.8536493536178,46.6780379506573,70.3484046482448,61.9161874566032,243.058547062286,134.127862962555,10.1600544803398,57.0548614901183,83.029558223227,0,0,0
"119","Minke_Whales3_Nums",0,3.43058461283222,8.35585810068212,33.5060231565535,6.57772652428546,13.0280427593035,23.9180036078911,9.38248515155835,29.7424317749519,45.7649808352716,11.4073932890657,16.4074133449489,21.6972578433496,27.5384572402424,28.2790210542491,47.7516189802573,9.78683571761776,17.6043737822231,17.1718905162672,25.8797317892988,22.7776924410014,89.4162424652165,49.3428832721845,3.73767516449883,20.9893105610988,30.5448674798725,0,0,0
"120","Minke_Whales4_Nums",0,1.26204155026006,3.07394840858682,12.3261770747103,2.41981035793271,4.79274908985023,8.79894180120753,3.45162339435464,10.941629180449,16.8359955749015,4.19654546840434,6.03595005240868,7.98197509036416,10.130832260264,10.4032704623126,17.5668389054887,3.60037565463393,6.47628718917742,6.31718548698157,9.52062126831405,8.3794447663706,32.894397309754,18.152232323959,1.37501385079621,7.72153583979087,11.2368287791512,0,0,0
"121","Minke_Whales5_Nums",0,0.464279140244814,1.13084242274076,4.53454713402467,0.890198482217149,1.76315385684904,3.23694979272827,1.26978128544946,4.02520042840874,6.19361664365963,1.54382280176714,2.22050193221884,2.93640453568754,3.72692491050755,3.82714932403094,6.46247887969993,1.324504183834,2.38249291202036,2.32396266672712,3.50244083179232,3.08262545797938,12.1011724999837,6.6778330833522,0.505839327033902,2.84059428972753,4.13379829181334,0,0,0
"122","Minke_Whales6_Nums",0,0.17079875066082,0.416013678530831,1.66816666563056,0.327485720169712,0.648628055556898,1.19080728084889,0.467126429701104,1.48078848420606,2.27850422969965,0.567940669581824,0.816877009944776,1.08024285964202,1.37105905336545,1.40792955460417,2.37741311884626,0.487257858978088,0.876470161068972,0.854938087138869,1.2884759759358,1.13403453082232,4.45177257681323,2.45663750293978,0.18608788895177,1.04499623989975,1.52073940550776,0,0,0
"123","Minke_Whales7_Nums",0,0.062833348945883,0.153042879577598,0.613684220732999,0.120475263727661,0.238616926606391,0.438073517021575,0.171846209914853,0.544751640062832,0.838214862728675,0.208933696144296,0.300512257924283,0.397399139534547,0.504384438365127,0.517948337756538,0.874601409594817,0.179252148867252,0.322435353057497,0.314514145732829,0.474003821990091,0.417187989468033,1.63771560778041,0.903746431742295,0.068457908596351,0.38443263276058,0.559448762665584,0,0,0
"124","Minke_Whales8_Nums",0,0.023115097297142,0.056301329014275,0.225761808178987,0.044320372695114,0.087782261614006,0.161158240633905,0.063218687670907,0.200402928923541,0.308362015282222,0.076862411379448,0.110552281510354,0.146194973373981,0.185552665321335,0.190542545049553,0.321747877809497,0.065943180354065,0.118617337496709,0.115703288172707,0.174376261146843,0.153474884428937,0.602481902588004,0.33246973227004,0.025184257158191,0.141424862108028,0.20580969817347,0,0,0
"125","Minke_Whales9_Nums",0,0.008503569076296,0.020712101454981,0.08305312783074,0.016304553939589,0.032293289347326,0.059286803504574,0.023256855491965,0.073724117501513,0.113440045860524,0.028276100945361,0.040669911542257,0.053782125106894,0.068261010826284,0.070096684992214,0.118364429486655,0.024259140337721,0.043636879831534,0.042564860994674,0.064149441504266,0.056460254717569,0.221640705639982,0.122308779313922,0.009264770449673,0.05202729924005,0.075713156751719,0,0,0
"126","Minke_Whales10_Nums",0,0.003128288239751,0.007619556308745,0.030553538253913,0.005998110191846,0.011880037238682,0.021810396142104,0.008555719001789,0.027121587147314,0.041732260677632,0.010402196214287,0.014961624330657,0.019785338129337,0.025111822516571,0.025787129302906,0.043543840174127,0.00892443899074,0.01605311096689,0.015658737276261,0.02359926069205,0.020770566953897,0.081537058931681,0.044994885384367,0.003408318575607,0.019139773770089,0.027853313795148,0,0,0
"127","Minke_Whales11_Nums",0,0.001150832929463,0.002803078116835,0.01124001857866,0.002206581425461,0.004370421460462,0.008023596344485,0.003147473125198,0.009977474323437,0.015352440736908,0.003826754130267,0.005504073997779,0.007278619134408,0.009238123234193,0.009486554717369,0.016018883589717,0.003283117628682,0.005905609491563,0.005760527518641,0.00868168283545,0.007641064563814,0.02999580767455,0.016552693290774,0.001253850332929,0.007041129278688,0.010246661513732,0,0,0
"128","Minke_Whales12_Nums",0,0.000423367774972,0.001031194811181,0.004134971753474,0.000811755941698,0.001607788204559,0.002951716139394,0.0011578906544,0.003670507678408,0.005647847318912,0.001407784170943,0.002024835666469,0.002677654339666,0.003398515612868,0.003489908448068,0.005893017943175,0.00120779147854,0.002172552319533,0.00211917964441,0.003193812629933,0.002810990561691,0.011034840964799,0.006089395557692,0.00046126575979,0.00259028670426,0.003769536111545,0,0,0
"129","Minke_Whales13_Nums",0,0.000155748300467,0.000379355370876,0.001521171097928,0.000298628322199,0.000591472226215,0.001085875683857,0.000425964166878,0.001350304313548,0.002077726915503,0.000517894854097,0.000744895413445,0.000985053982127,0.001250244024474,0.001283865569615,0.002167920147749,0.000444321654177,0.000799237333225,0.000779602623328,0.001174938005506,0.001034105636973,0.004059491127546,0.002240163434836,0.000169690189943,0.000952913225237,0.001386734838191,0,0,0
"130","Minke_Whales14_Nums",0,0.000155748300467,0.000379355370876,0.001521171097928,0.000298628322199,0.000591472226215,0.001085875683857,0.000425964166878,0.001350304313548,0.002077726915503,0.000517894854097,0.000744895413445,0.000985053982127,0.001250244024474,0.001283865569615,0.002167920147749,0.000444321654177,0.000799237333225,0.000779602623328,0.001174938005506,0.001034105636973,0.004059491127546,0.002240163434836,0.000169690189943,0.000952913225237,0.001386734838191,0,0,0
"131","Minke_Whales15_Nums",0,0.000155748300467,0.000379355370876,0.001521171097928,0.000298628322199,0.000591472226215,0.001085875683857,0.000425964166878,0.001350304313548,0.002077726915503,0.000517894854097,0.000744895413445,0.000985053982127,0.001250244024474,0.001283865569615,0.002167920147749,0.000444321654177,0.000799237333225,0.000779602623328,0.001174938005506,0.001034105636973,0.004059491127546,0.002240163434836,0.000169690189943,0.000952913225237,0.001386734838191,0,0,0
"132","Other_Baleen_Whales1_Nums",0,5.82860588535819,14.1967067422498,56.9271496860138,11.1756390990383,22.1348065334217,40.6369853329108,15.9409588584701,50.5327611626022,77.7552711109343,19.3813029454334,27.8763991502083,36.8639106841545,46.7881810417284,48.0464081639096,81.1305940050636,16.6279554946311,29.9100498064669,29.1752553636072,43.9699858893921,38.6995824909545,151.919307027121,83.8341718099646,6.35035654852116,35.6610994547169,51.896109396261,0,0,0
"133","Other_Baleen_Whales2_Nums",0,2.14422427591415,5.22267654281373,20.9423280139738,4.11128786648793,8.14294025795313,14.9495114551633,5.86435103659092,18.5899639373481,28.6045656844245,7.12998289674047,10.2551541412507,13.5614748618807,17.2124098950593,17.6752857856341,29.84627758449,6.11708297518852,11.0032924082131,10.7329766391979,16.1756538373058,14.2367807803405,55.8879897722901,30.8408682765204,2.33616561830937,13.1189853389605,19.0915117236685,0,0,0
"134","Other_Baleen_Whales3_Nums",0,0.788816028369537,1.92131532798951,7.7042519266097,1.51245828281851,2.99562031158825,5.49961791991156,2.15737418217424,6.83886554466888,10.5230316389379,2.62297412361483,3.77266037461031,4.98898779364925,6.33209173340823,6.50237425736461,10.9798319188299,2.2503490665117,4.0478850621794,3.94844144813428,5.95069049425074,5.23741895755199,20.5600424456254,11.3457213868084,0.859427302147589,4.82620499523312,7.02337466402122,0,0,0
"135","Other_Baleen_Whales4_Nums",0,0.290189199703663,0.706812409174907,2.8342358934052,0.556402307878393,1.1020271261889,2.02319636703351,0.793653608535955,2.51587803481942,3.87120699876188,0.964938254802576,1.38788419034129,1.83534604153883,2.32944636833253,2.39208980808686,4.03925443045552,0.827857157029,1.48913369460079,1.4525504334378,2.18913669360918,1.92673875928494,7.56361692535783,4.17385764346597,0.316165635641535,1.77546159662518,2.58375514653779,0,0,0
"136","Other_Baleen_Whales5_Nums",0,0.106754640620972,0.260021754100306,1.04265711661394,0.204688970088804,0.405413123338145,0.744292348884378,0.291968845991906,0.925539805504874,1.4241374673635,0.354980945941718,0.510574060353432,0.675186076117524,0.856955428221016,0.880000661830898,1.48595866262525,0.304551628297607,0.547821671399302,0.534363441726434,0.805338383492843,0.708807578049103,2.78249916773549,1.53547641740741,0.116310837357422,0.653155819987829,0.950510399432162,0,0,0
"137","Other_Baleen_Whales6_Nums",0,0.039272837534101,0.095656657590839,0.383572117393366,0.075300863930227,0.149143153257206,0.273809853375766,0.107409335902973,0.340487066431058,0.523910895644997,0.130590192019549,0.187829699999455,0.248387076368854,0.315256284042782,0.32373415170485,0.54665364241044,0.112038282825977,0.201532330335981,0.196581324324769,0.29626743447326,0.260755735710788,1.02362423888653,0.564870206367765,0.042788365849231,0.240282598054998,0.349673234570748,0,0,0
"138","Other_Baleen_Whales7_Nums",0,0.014447669525262,0.035190117738846,0.141108296195618,0.027701639742379,0.054866699874808,0.100729015847111,0.039513686468582,0.125258191724762,0.192736047513511,0.048041446862623,0.069098685071199,0.091376498848782,0.115976305599444,0.119095138817291,0.201102636484286,0.041216580875828,0.074139601061979,0.072318227737338,0.10899069823132,0.095926674335533,0.376570312971121,0.207804135852971,0.015740960117254,0.088395027895695,0.128637594126497,0,0,0
"139","Other_Baleen_Whales8_Nums",0,0.005315000591183,0.012945720848524,0.051910841149098,0.010190863747959,0.020184330888866,0.037056134059585,0.014536272896685,0.046079913573851,0.070903629452863,0.017673460624889,0.025419985649674,0.033615535332693,0.042665298493052,0.043812653114341,0.073981525527943,0.015162732739597,0.027274435007355,0.026604389206521,0.040095437158223,0.035289451347991,0.138532476297571,0.076446869370706,0.005790775611437,0.032518713464602,0.047323126240895,0,0,0
"140","Other_Baleen_Whales9_Nums",0,0.00195527944731,0.004762464551316,0.01909693123267,0.003749009260653,0.007425400367815,0.013632189889814,0.005347595949948,0.016951852854777,0.026083987580146,0.00650170281825,0.009351490115388,0.01236646435287,0.015695686167037,0.016117774343942,0.02721628226823,0.005578057646875,0.010033703908772,0.009787207834003,0.014750287015292,0.012982263641146,0.050963249964447,0.028123231583401,0.002130307295885,0.011962966136972,0.017409205235986,0,0,0
"141","Other_Baleen_Whales10_Nums",0,0.000719307110411,0.001752012797737,0.007025368389964,0.001379183431756,0.002731652137786,0.005015002398608,0.001967270609678,0.006236238155036,0.009595762774507,0.002391842799441,0.003440220957769,0.0045493679954,0.005774120255932,0.005929397818577,0.010012310711601,0.002052052729954,0.003691193386839,0.003600512548602,0.005426327344304,0.004775907893445,0.018748331917201,0.010345958718837,0.000783696257534,0.004400929297222,0.006404488693453,0,0,0
"142","Other_Baleen_Whales11_Nums",0,0.000264618297808,0.000644529488957,0.002584488597323,0.000507373230147,0.001004918661924,0.001844916279873,0.000723718412521,0.002294183807487,0.003530083847099,0.000879909792428,0.00126558656345,0.001673618955831,0.002124180133009,0.002181303555981,0.003683323269419,0.00075490801155,0.001357914160406,0.00132455454431,0.001996234271036,0.001756958326927,0.006897125868597,0.003806065511868,0.00028830574127,0.001619011410497,0.002356079721536,0,0,0
"143","Other_Baleen_Whales12_Nums",0,9.73476315215173e-05,0.000237109148216,0.000950780220897,0.000186652180372,0.000369688915771,0.000678706770048,0.000266241125164,0.000843983057043,0.001298645272959,0.00032370072272,0.000465583277716,0.000615690006205,0.000781442200279,0.0008024567332,0.001355018906007,0.000277715137425,0.000499548702489,0.000487276385562,0.000734373548076,0.000646348847471,0.002537310810228,0.001400173253568,0.000106061754985,0.000595601012944,0.000866753291314,0,0,0
"144","Other_Baleen_Whales13_Nums",0,9.73476315215173e-05,0.000237109148216,0.000950780220897,0.000186652180372,0.000369688915771,0.000678706770048,0.000266241125164,0.000843983057043,0.001298645272959,0.00032370072272,0.000465583277716,0.000615690006205,0.000781442200279,0.0008024567332,0.001355018906007,0.000277715137425,0.000499548702489,0.000487276385562,0.000734373548076,0.000646348847471,0.002537310810228,0.001400173253568,0.000106061754985,0.000595601012944,0.000866753291314,0,0,0
"145","Other_Baleen_Whales14_Nums",0,9.73476315215173e-05,0.000237109148216,0.000950780220897,0.000186652180372,0.000369688915771,0.000678706770048,0.000266241125164,0.000843983057043,0.001298645272959,0.00032370072272,0.000465583277716,0.000615690006205,0.000781442200279,0.0008024567332,0.001355018906007,0.000277715137425,0.000499548702489,0.000487276385562,0.000734373548076,0.000646348847471,0.002537310810228,0.001400173253568,0.000106061754985,0.000595601012944,0.000866753291314,0,0,0
"146","Other_Baleen_Whales15_Nums",0,9.73476315215173e-05,0.000237109148216,0.000950780220897,0.000186652180372,0.000369688915771,0.000678706770048,0.000266241125164,0.000843983057043,0.001298645272959,0.00032370072272,0.000465583277716,0.000615690006205,0.000781442200279,0.0008024567332,0.001355018906007,0.000277715137425,0.000499548702489,0.000487276385562,0.000734373548076,0.000646348847471,0.002537310810228,0.001400173253568,0.000106061754985,0.000595601012944,0.000866753291314,0,0,0
"147","Other_Baleen_Whales16_Nums",0,9.73476315215173e-05,0.000237109148216,0.000950780220897,0.000186652180372,0.000369688915771,0.000678706770048,0.000266241125164,0.000843983057043,0.001298645272959,0.00032370072272,0.000465583277716,0.000615690006205,0.000781442200279,0.0008024567332,0.001355018906007,0.000277715137425,0.000499548702489,0.000487276385562,0.000734373548076,0.000646348847471,0.002537310810228,0.001400173253568,0.000106061754985,0.000595601012944,0.000866753291314,0,0,0
"148","Other_Baleen_Whales17_Nums",0,9.73476315215173e-05,0.000237109148216,0.000950780220897,0.000186652180372,0.000369688915771,0.000678706770048,0.000266241125164,0.000843983057043,0.001298645272959,0.00032370072272,0.000465583277716,0.000615690006205,0.000781442200279,0.0008024567332,0.001355018906007,0.000277715137425,0.000499548702489,0.000487276385562,0.000734373548076,0.000646348847471,0.002537310810228,0.001400173253568,0.000106061754985,0.000595601012944,0.000866753291314,0,0,0
"149","Other_Baleen_Whales18_Nums",0,9.73476315215173e-05,0.000237109148216,0.000950780220897,0.000186652180372,0.000369688915771,0.000678706770048,0.000266241125164,0.000843983057043,0.001298645272959,0.00032370072272,0.000465583277716,0.000615690006205,0.000781442200279,0.0008024567332,0.001355018906007,0.000277715137425,0.000499548702489,0.000487276385562,0.000734373548076,0.000646348847471,0.002537310810228,0.001400173253568,0.000106061754985,0.000595601012944,0.000866753291314,0,0,0
"150","Other_Baleen_Whales19_Nums",0,9.73476315215173e-05,0.000237109148216,0.000950780220897,0.000186652180372,0.000369688915771,0.000678706770048,0.000266241125164,0.000843983057043,0.001298645272959,0.00032370072272,0.000465583277716,0.000615690006205,0.000781442200279,0.0008024567332,0.001355018906007,0.000277715137425,0.000499548702489,0.000487276385562,0.000734373548076,0.000646348847471,0.002537310810228,0.001400173253568,0.000106061754985,0.000595601012944,0.000866753291314,0,0,0
"151","Other_Baleen_Whales20_Nums",0,9.73476315215173e-05,0.000237109148216,0.000950780220897,0.000186652180372,0.000369688915771,0.000678706770048,0.000266241125164,0.000843983057043,0.001298645272959,0.00032370072272,0.000465583277716,0.000615690006205,0.000781442200279,0.0008024567332,0.001355018906007,0.000277715137425,0.000499548702489,0.000487276385562,0.000734373548076,0.000646348847471,0.002537310810228,0.001400173253568,0.000106061754985,0.000595601012944,0.000866753291314,0,0,0
"152","Top_Predators1_Nums",0,100.119867340004,243.86146939006,977.856246710014,191.967603581884,380.21680266458,698.034772062598,191.67614045311,607.612422319244,934.939384685138,233.043280427217,335.18941026582,443.256405381944,562.587109127048,577.716193941476,975.524701470268,199.936676402844,359.642287428506,350.807024500836,528.700767995412,465.328759384606,1826.69729530087,1008.03286886841,76.3575042460458,428.793648392283,624.005496904116,0,0,0
"153","Top_Predators2_Nums",0,36.8320408471997,89.711621082462,359.733209585684,70.6209347287244,139.873944888238,256.792641864624,70.513711435789,223.52811837163,343.94497836714,85.7318317723244,123.309292935175,163.064918707572,206.964231315916,212.529910582883,358.87548202582,73.552592784754,132.305003720818,129.054692132384,194.498143077065,171.184883963409,672.004380184671,370.834568481759,28.0903559912814,157.744367748416,229.558793488995,0,0,0
"154","Top_Predators3_Nums",0,13.5497506040716,33.0030610304003,132.338452113191,25.9799900030081,51.45674867993,94.468733586096,25.9405447579224,82.2313992726594,126.530286435428,31.5389783630068,45.362953776238,59.9882311688084,76.1378857589762,78.1853847374476,132.022911777791,27.0584867303659,48.672290833,47.476568022214,71.5518681840736,62.9753994494574,247.216595847098,136.422413820122,10.3338644643795,58.03090985523,84.449960664722,0,0,0
"155","Top_Predators4_Nums",0,4.98467468023826,12.1411476488107,48.6845958088943,9.55750420394626,18.929879948872,34.753104919827,9.54299310922728,30.2512412111717,46.5478910651276,11.6025417353012,16.6880980850884,22.0684369592445,28.0095628649873,28.7627956449865,48.5685150066403,9.9542609773119,17.905535152178,17.46565331275,26.3224612823298,23.1673547570147,90.9459031285363,50.1870013594057,3.80161628429734,21.3483786882123,31.0674043362882,0,0,0
"156","Top_Predators5_Nums",0,1.83375933578749,4.46647861222444,17.9100618998336,3.51600930554146,6.96391365703352,12.7849528168784,3.51067097212546,11.1288097115083,17.1240121527483,4.26833656975093,6.13920819775654,8.11852425609406,10.3041423342279,10.581241188406,17.8673581591696,3.6619679656082,6.58707826565886,6.42525478038864,9.6834923468004,8.52279352143112,33.457128019758,18.4627660141686,1.39853647421556,7.85362962173588,11.4290593458809,0,0,0
"157","Top_Predators6_Nums",0,0.674602359692416,1.64312565586933,6.58874356305672,1.29346753847618,2.56188066451567,4.7033212976765,1.29150367536232,4.094060297573,6.29957202136604,1.5702332720116,2.25848848102581,2.98663816646869,3.79068212366676,3.89262109529104,6.57303373480534,1.34716272877567,2.42325067132313,2.36371913799351,3.56235775312887,3.13536051788367,12.30818955911,6.79207204377142,0.5144928165923,2.88918887641168,4.20451596527793,0,0,0
"158","Top_Predators7_Nums",0,0.248172339096582,0.604472148055666,2.42386329999924,0.47584011522802,0.942463227209946,1.73025521063897,0.475117650363153,1.50612061439335,2.31748303483939,0.577656538616434,0.830851480291916,1.0987227796618,1.3945140213131,1.43201527322784,2.41808397716123,0.495593471828987,0.891464102784676,0.869563675571294,1.3105181794738,1.15343467519005,4.52792989683757,2.49866366785881,0.189271329854697,1.06287318929308,1.54675498370285,0,0,0
"159","Top_Predators8_Nums",0,0.09129750142106,0.22237287603042,0.89168947627969,0.175051795677039,0.34671284535063,0.63652531997384,0.174786015706285,0.554070809959814,0.852554363781014,0.212507964615243,0.305653178266256,0.404197522184317,0.513013038866406,0.526808978464028,0.88956338222369,0.182318649464663,0.327951315956828,0.319894599032153,0.48211269550984,0.42432490373668,1.66573232011207,0.919206993807287,0.069629031056721,0.391009194913246,0.56901935903375,0,0,0
"160","Top_Predators9_Nums",0,0.033586473803129,0.081806409365757,0.328034226232228,0.064397956769726,0.12754852779455,0.23416457900345,0.064300181782611,0.203831259937425,0.313637222916034,0.078177311267136,0.112443520412865,0.148695958584048,0.188726950051837,0.193802192601445,0.327252079939029,0.067071282880192,0.120646546845637,0.117682646325711,0.177359349005817,0.156100408461776,0.612788675064039,0.338157355202706,0.025615089034456,0.14384424411758,0.209330523817068,0,0,0
"161","Top_Predators10_Nums",0,0.012355773213614,0.030094896161717,0.120677047831419,0.02369068434903,0.046922481127299,0.086144334465935,0.023654714941409,0.074985329999051,0.115380686296914,0.02875982558124,0.041365659452835,0.054702186148352,0.06942876491906,0.07129584231202,0.120389312290162,0.024674146064617,0.044383384232837,0.043293026165879,0.065246858198791,0.057426131031552,0.225432355338746,0.124401138859984,0.009423264639552,0.052917340141704,0.077008396121948,0,0,0
"162","Top_Predators11_Nums",0,0.004545434945066,0.011071293582085,0.044394604918442,0.00871531571929,0.017261816135488,0.031690729623414,0.008702083313715,0.027585561296107,0.042446182396886,0.010580148563015,0.015217575683197,0.020123809671112,0.025541415239647,0.026228274627593,0.044288752928319,0.009077111065634,0.016327734588874,0.015926614272524,0.024002977732364,0.021125892992525,0.08293192890398,0.045764621444902,0.003466625329609,0.019467201519609,0.028329805730851,0,0,0
"163","Top_Predators12_Nums",0,0.001672172067472,0.004072901296022,0.016331862448423,0.003206185476445,0.006350267273528,0.011658367904177,0.003201317546477,0.010148160874012,0.015615077860028,0.003892219140873,0.005598233238319,0.007403135856049,0.009396161565089,0.00964884301289,0.01629292167745,0.003339282546276,0.00600663787615,0.005859073958329,0.008830202034632,0.007771781708338,0.030508951660466,0.016835863362573,0.001275300189007,0.007161583216206,0.010421953100761,0,0,0
"164","Top_Predators13_Nums",0,0.000615157725724,0.001498336652727,0.006008156430815,0.001179489721367,0.002336132775875,0.00428887386956,0.00117769891001,0.00373329975125,0.005744466116996,0.001431867402461,0.00205947491526,0.00272346148164,0.003456654665722,0.003549610975533,0.00599383092175,0.001228453397038,0.002209718585197,0.002155432853572,0.003248449789932,0.00285907871177,0.011223616087579,0.006193568005462,0.000469156720858,0.002634599231481,0.003834022282623,0,0,0
"165","Top_Predators14_Nums",0,0.000226303880372,0.000551207250492,0.002210277230239,0.000433910019564,0.000859415220091,0.001577788522388,0.000433251216883,0.001373404226215,0.002113270984949,0.000526754579849,0.000757638480932,0.001001905487918,0.001271632186748,0.001305828902055,0.00220500716997,0.000451922749207,0.000812910038269,0.000792939433655,0.001195037893394,0.001051796278751,0.004128937614221,0.002278486336707,0.000172593112291,0.000969214892988,0.00141045797477,0,0,0
"166","Top_Predators15_Nums",0,0.000226303880372,0.000551207250492,0.002210277230239,0.000433910019564,0.000859415220091,0.001577788522388,0.000433251216883,0.001373404226215,0.002113270984949,0.000526754579849,0.000757638480932,0.001001905487918,0.001271632186748,0.001305828902055,0.00220500716997,0.000451922749207,0.000812910038269,0.000792939433655,0.001195037893394,0.001051796278751,0.004128937614221,0.002278486336707,0.000172593112291,0.000969214892988,0.00141045797477,0,0,0
"167","Top_Predators16_Nums",0,0.000226303880372,0.000551207250492,0.002210277230239,0.000433910019564,0.000859415220091,0.001577788522388,0.000433251216883,0.001373404226215,0.002113270984949,0.000526754579849,0.000757638480932,0.001001905487918,0.001271632186748,0.001305828902055,0.00220500716997,0.000451922749207,0.000812910038269,0.000792939433655,0.001195037893394,0.001051796278751,0.004128937614221,0.002278486336707,0.000172593112291,0.000969214892988,0.00141045797477,0,0,0
"168","Top_Predators17_Nums",0,0.000226303880372,0.000551207250492,0.002210277230239,0.000433910019564,0.000859415220091,0.001577788522388,0.000433251216883,0.001373404226215,0.002113270984949,0.000526754579849,0.000757638480932,0.001001905487918,0.001271632186748,0.001305828902055,0.00220500716997,0.000451922749207,0.000812910038269,0.000792939433655,0.001195037893394,0.001051796278751,0.004128937614221,0.002278486336707,0.000172593112291,0.000969214892988,0.00141045797477,0,0,0
"169","Top_Predators18_Nums",0,0.000226303880372,0.000551207250492,0.002210277230239,0.000433910019564,0.000859415220091,0.001577788522388,0.000433251216883,0.001373404226215,0.002113270984949,0.000526754579849,0.000757638480932,0.001001905487918,0.001271632186748,0.001305828902055,0.00220500716997,0.000451922749207,0.000812910038269,0.000792939433655,0.001195037893394,0.001051796278751,0.004128937614221,0.002278486336707,0.000172593112291,0.000969214892988,0.00141045797477,0,0,0
"170","Top_Predators19_Nums",0,0.000226303880372,0.000551207250492,0.002210277230239,0.000433910019564,0.000859415220091,0.001577788522388,0.000433251216883,0.001373404226215,0.002113270984949,0.000526754579849,0.000757638480932,0.001001905487918,0.001271632186748,0.001305828902055,0.00220500716997,0.000451922749207,0.000812910038269,0.000792939433655,0.001195037893394,0.001051796278751,0.004128937614221,0.002278486336707,0.000172593112291,0.000969214892988,0.00141045797477,0,0,0
"171","Top_Predators20_Nums",0,0.000226303880372,0.000551207250492,0.002210277230239,0.000433910019564,0.000859415220091,0.001577788522388,0.000433251216883,0.001373404226215,0.002113270984949,0.000526754579849,0.000757638480932,0.001001905487918,0.001271632186748,0.001305828902055,0.00220500716997,0.000451922749207,0.000812910038269,0.000792939433655,0.001195037893394,0.001051796278751,0.004128937614221,0.002278486336707,0.000172593112291,0.000969214892988,0.00141045797477,0,0,0
"172","Humpback_Whales1_Nums",0,48.4622762124488,118.039328268593,473.324034311762,92.9204889678268,184.041111928067,337.878533285619,132.542012015448,420.157526071818,646.500638346106,161.146949231586,231.779911354025,306.507088827941,389.023000992108,399.484602193575,674.564953144334,138.254084746648,248.688815775031,242.579325452706,365.590956592572,321.769886808504,1263.1417467506,697.044005068583,52.8004018722657,296.506246228705,431.493162752847,0,0,0
"173","Humpback_Whales2_Nums",0,17.8282750909318,43.4242421197024,174.126181235623,34.1835375548613,67.7049414086683,124.29856600894,48.7594813119818,154.567315895276,237.834293551746,59.2826496297988,85.2670642636851,112.757656553108,143.113564207814,146.962172211568,248.158577996578,50.860835436266,91.4875025729061,89.2399466872867,134.493396808608,118.372526144911,464.68387991493,256.428159056534,19.4241823343967,109.078552166458,158.737463582816,0,0,0
"174","Humpback_Whales3_Nums",0,6.55865587750272,15.9748859242895,64.0574422462785,12.5754206929454,24.9072560099661,45.7268870017806,17.9376107368612,56.862137794924,87.4943470032212,21.8088680169728,31.3679999516539,41.4812236805589,52.648538024824,54.064361786533,91.2924389952808,18.7106557178062,33.6563713206916,32.8295417174884,49.4773556591999,43.5468187682417,170.947646064482,94.3346478543397,7.14575734239005,40.1277568147867,58.3962493958183,0,0,0
"175","Humpback_Whales4_Nums",0,2.4127946590515,5.87683210660517,23.5654160564329,4.62623873701654,9.16286742206038,16.8219816367247,6.59887821382738,20.9184114758102,32.1873714812053,8.02303417866569,11.5396422928803,15.2600893867116,19.3683147470657,19.8891672013204,33.5846114407619,6.88326556941781,12.3814870733146,12.0773134609442,18.2017019505472,16.0199793532548,62.8881245037752,34.7037775357593,2.62877721786518,14.7621767524873,21.4827795942418,0,0,0
"176","Humpback_Whales5_Nums",0,0.887617550833307,2.1619657112363,8.66923208981305,1.70189812129933,3.37083054675559,6.18846120391456,2.42759162966122,7.69545352391534,11.8410722332834,2.95150933014691,4.24519715802314,5.61387315580973,7.12520480558312,7.31681571538714,12.3550880887875,2.53221189111205,4.5548945454024,4.44299532686448,6.69603194193644,5.89342105205343,23.1352480987689,12.7668062863932,0.967073093872463,5.43070133417907,7.90307295193895,0,0,0
"177","Humpback_Whales6_Nums",0,0.326536248574521,0.795342737681429,3.18923225658596,0.626093329794323,1.24005925782407,2.27660764940724,0.893061052112241,2.83099914193878,4.35608703605098,1.08579960298674,1.56172075815615,2.06522851936665,2.62121636210999,2.69170607653105,4.54518290172709,0.931548695429983,1.67565205995749,1.63448663797423,2.46333248886571,2.16806844321743,8.51098214193774,4.69664556218236,0.355766309345739,1.9978433719868,2.90737806109644,0,0,0
"178","Humpback_Whales7_Nums",0,0.120125972647814,0.292590241878009,1.17325298031878,0.230326864285903,0.456192306787794,0.837517149830564,0.328538800783031,1.04146638229327,1.6025148645166,0.399443351170938,0.574524959776325,0.759755113595927,0.964291610482466,0.990223327232017,1.67207934590936,0.342697613498768,0.616437943414936,0.601294030980151,0.906209379423374,0.797587807312268,3.13101535419619,1.72779934479599,0.130879111069737,0.734965503234574,1.06956461639027,0,0,0
"179","Humpback_Whales8_Nums",0,0.044191875687854,0.107637934674299,0.431615650752403,0.084732518120269,0.167823770887805,0.308105341051168,0.120862670435197,0.383134070716892,0.589532272827296,0.146946996808413,0.21135592114156,0.279498286616815,0.3547430587906,0.364282804257041,0.615123615367445,0.126071406544714,0.22677484614036,0.221203712096702,0.33337580008659,0.293416156839193,1.1518361788009,0.635621857419931,0.04814773424135,0.270378698610223,0.393470833374401,0,0,0
"180","Humpback_Whales9_Nums",0,0.016257282532366,0.039597783256829,0.158782524399642,0.031171351415134,0.06173891504949,0.11334562068784,0.044462891658189,0.14094714782907,0.216876803080236,0.054058779067701,0.077753498157832,0.10282167348897,0.130502678227334,0.134012154458446,0.226291331872733,0.046379078587367,0.083425803669855,0.081376297991183,0.122642103035937,0.107941771808675,0.423736849778325,0.233832213703998,0.017712561566379,0.099466764549391,0.144749830299036,0,0,0
"181","Humpback_Whales10_Nums",0,0.005980720012973,0.01456721037615,0.058412826343931,0.011467299339158,0.022712477566937,0.041697523597873,0.016356983736081,0.051851557978067,0.079784517120206,0.019887113433836,0.028603913451428,0.037825979783435,0.048009252337648,0.049300316492354,0.083247928711282,0.017061909512767,0.030690638033345,0.029936667029597,0.045117508328951,0.039709558692031,0.155884075500198,0.086022064105308,0.006516087250754,0.036591777757561,0.053250486680071,0,0,0
"182","Humpback_Whales11_Nums",0,0.002200183936175,0.005358977212605,0.02148887791265,0.004218583672635,0.008355453554944,0.015339661679419,0.00601739803608,0.01907512217284,0.029351083572315,0.007316060176553,0.010522791695828,0.013915400304492,0.017661616921033,0.018136572880783,0.030625201492987,0.006276725736874,0.011290454768902,0.011013084337384,0.016597803751102,0.014608330260789,0.05734654658254,0.031645748871475,0.002397134536432,0.013461362752921,0.019589759281972,0,0,0
"183","Humpback_Whales12_Nums",0,0.000809402436915,0.001971457542224,0.007905316397907,0.001551930204024,0.003073799584527,0.005643146166383,0.002213677026819,0.007017345285221,0.01079766022236,0.002691428129327,0.003871118728625,0.005119189687694,0.006497345763094,0.006672072296147,0.011266382011003,0.002309078356468,0.004153526190955,0.004051487311611,0.006105990768629,0.005374104372787,0.021096615509897,0.01164182041029,0.000881856513675,0.004952158606951,0.007206669697335,0,0,0
"184","Humpback_Whales13_Nums",0,0.000297762516175,0.000725258698926,0.002908203378745,0.000570923216193,0.001130787673429,0.002075997458138,0.00081436626756,0.002581537062034,0.003972237208561,0.00099012107617,0.001424104994595,0.001883244641559,0.002390239928425,0.002454518227762,0.004144670318232,0.000849462455398,0.00152799689402,0.001490458888109,0.002246268471761,0.001977022513458,0.00776101112439,0.004282786386756,0.000324416881444,0.001821797340917,0.002651185620963,0,0,0
"185","Humpback_Whales14_Nums",0,0.000109540708052,0.000266807764866,0.001069868233786,0.000210030913725,0.000415993537385,0.000763716784773,0.000299588607419,0.000949694411745,0.001461304404486,0.000364245188193,0.000523898949581,0.000692806986326,0.000879320129134,0.000902966793974,0.001524739000511,0.000312499773388,0.000562118643484,0.000548309182846,0.000826355990113,0.000727305937434,0.002855116435366,0.001575549062616,0.000119346301052,0.000670201787704,0.000975316684682,0,0,0
"186","Humpback_Whales15_Nums",0,0.000109540708052,0.000266807764866,0.001069868233786,0.000210030913725,0.000415993537385,0.000763716784773,0.000299588607419,0.000949694411745,0.001461304404486,0.000364245188193,0.000523898949581,0.000692806986326,0.000879320129134,0.000902966793974,0.001524739000511,0.000312499773388,0.000562118643484,0.000548309182846,0.000826355990113,0.000727305937434,0.002855116435366,0.001575549062616,0.000119346301052,0.000670201787704,0.000975316684682,0,0,0
"187","Humpback_Whales16_Nums",0,0.000109540708052,0.000266807764866,0.001069868233786,0.000210030913725,0.000415993537385,0.000763716784773,0.000299588607419,0.000949694411745,0.001461304404486,0.000364245188193,0.000523898949581,0.000692806986326,0.000879320129134,0.000902966793974,0.001524739000511,0.000312499773388,0.000562118643484,0.000548309182846,0.000826355990113,0.000727305937434,0.002855116435366,0.001575549062616,0.000119346301052,0.000670201787704,0.000975316684682,0,0,0
"188","Humpback_Whales17_Nums",0,0.000109540708052,0.000266807764866,0.001069868233786,0.000210030913725,0.000415993537385,0.000763716784773,0.000299588607419,0.000949694411745,0.001461304404486,0.000364245188193,0.000523898949581,0.000692806986326,0.000879320129134,0.000902966793974,0.001524739000511,0.000312499773388,0.000562118643484,0.000548309182846,0.000826355990113,0.000727305937434,0.002855116435366,0.001575549062616,0.000119346301052,0.000670201787704,0.000975316684682,0,0,0
"189","Humpback_Whales18_Nums",0,0.000109540708052,0.000266807764866,0.001069868233786,0.000210030913725,0.000415993537385,0.000763716784773,0.000299588607419,0.000949694411745,0.001461304404486,0.000364245188193,0.000523898949581,0.000692806986326,0.000879320129134,0.000902966793974,0.001524739000511,0.000312499773388,0.000562118643484,0.000548309182846,0.000826355990113,0.000727305937434,0.002855116435366,0.001575549062616,0.000119346301052,0.000670201787704,0.000975316684682,0,0,0
"190","Humpback_Whales19_Nums",0,0.000109540708052,0.000266807764866,0.001069868233786,0.000210030913725,0.000415993537385,0.000763716784773,0.000299588607419,0.000949694411745,0.001461304404486,0.000364245188193,0.000523898949581,0.000692806986326,0.000879320129134,0.000902966793974,0.001524739000511,0.000312499773388,0.000562118643484,0.000548309182846,0.000826355990113,0.000727305937434,0.002855116435366,0.001575549062616,0.000119346301052,0.000670201787704,0.000975316684682,0,0,0
"191","Humpback_Whales20_Nums",0,0.000109540708052,0.000266807764866,0.001069868233786,0.000210030913725,0.000415993537385,0.000763716784773,0.000299588607419,0.000949694411745,0.001461304404486,0.000364245188193,0.000523898949581,0.000692806986326,0.000879320129134,0.000902966793974,0.001524739000511,0.000312499773388,0.000562118643484,0.000548309182846,0.000826355990113,0.000727305937434,0.002855116435366,0.001575549062616,0.000119346301052,0.000670201787704,0.000975316684682,0,0,0
"192","Ice_Krill1_Nums",0,3034173.50801246,7390321.51866094,29634333.2970691,5817656.70150923,11522625.6346138,21154229.1188953,0,0,0,0,0,0,0,0,0,0,0,0,0,0,0,0,0,0,0,0,0,0
"193","Ice_Krill2_Nums",0,1070884.76753381,2608348.7712921,10459176.4577891,2053290.60053267,4066809.04751076,7466198.51255129,0,0,0,0,0,0,0,0,0,0,0,0,0,0,0,0,0,0,0,0,0,0
"194","Ice_Krill3_Nums",0,21627410.2843183,52677777.06022,211231784.545432,41467914.7532578,82132597.7220193,150786100.793067,0,0,0,0,0,0,0,0,0,0,0,0,0,0,0,0,0,0,0,0,0,0
"195","Ice_Krill4_Nums",0,1650947.34994795,4021204.35574198,16124563.7057582,3165489.67582119,6269663.94824575,11510389.3735166,0,0,0,0,0,0,0,0,0,0,0,0,0,0,0,0,0,0,0,0,0,0
"196","Ice_Krill5_Nums",0,82547.3674973978,201060.217787099,806228.185287908,158274.48379106,313483.197412288,575519.468675829,0,0,0,0,0,0,0,0,0,0,0,0,0,0,0,0,0,0,0,0,0,0
"197","Antarctic_Krill1_Nums",0,44806126058.4974,109134061286.711,437614945177.536,2675496222.0004,5299168193.43028,9728669632.95592,85779831113.6671,271921642651.509,418408584032.534,3247977287.37413,4671611168.17409,6177765497.14032,3912002412.77404,4017203927.9473,6783402825.90895,2786563005.2883,5012416487.63987,4889277415.51368,3676370550.40745,3235707324.09839,12702111567.5991,7009451427.50903,1064211931.17897,5976194758.30964,8696906760.94892,0,0,0
"198","Antarctic_Krill2_Nums",0,49606782421.9079,120826996424.573,484502260732.272,6941828035.4605,13749193150.5218,25241953642.264,94970527304.4171,301056104364.17,463238075178.877,8427184313.18693,12120937084.9922,16028796965.5533,4331145528.4284,4447618634.51308,7510195985.82777,7230001311.01828,13005188724.6872,12685692753.7652,4070267395.09396,3582390251.68036,14063052092.699,7760464080.45643,2761198524.14002,15505802616.1547,22564947271.6512,0,0,0
"199","Antarctic_Krill3_Nums",0,81740064691.4395,199093874305.688,798343375681.518,6437912784.18847,12751123465.4417,23409611304.3001,169176889140.843,536289906340.475,825194707397.499,8449130105.6692,12152502025.3177,16070538624.3177,7715338091.85992,7922818857.89606,13378377795.5427,7248829439.4324,13039056403.6578,12718728411.9782,7250619696.6369,6381533889.19404,25051386702.7649,13824195870.9206,2768389145.29664,15546182310.4676,22623710155.1712,0,0,0
"200","Antarctic_Krill4_Nums",0,51149215531.263,124583893177.202,499566981563.285,5384436146.77581,10664575989.2785,19578947636.3238,105863204271.232,335585836764.362,516369323944.914,7066545179.28696,10163910784.8112,13440814122.1566,4827907739.57431,4957739768.22068,8371580471.65746,6062657349.34346,10905392628.5138,10637481944.5636,4537108099.9076,3993273721.40714,15676018640.9655,8650553150.6163,2315380012.42991,13002261568.7548,18921648493.4159,0,0,0
"201","Antarctic_Krill5_Nums",0,34702522434.3938,84524763538.2297,338934511607.244,4732283942.66322,9372903742.1298,17207584413.2908,71823588749.9355,227680423013.763,350334171551.05,6210659272.4789,8932878112.11668,11812889430.3426,3275525829.74334,3363611225.38444,5679753953.43964,5328360341.19316,9584553148.66274,9349091274.25926,3078230897.36497,2709262878.51095,10635498177.6326,5869024806.36671,2034945787.32194,11427453490.5515,16629896036.1388,0,0,0
"202","Antarctic_Krill6_Nums",0,7894412686.49717,19228382226.7063,77103585578.8992,668874055.500101,1324792048.35757,2432167408.23898,16339015450.2223,51794598600.2874,79696873149.054,877831699.290304,1262597613.02003,1669666350.57846,745143316.718866,765181700.56139,1292076728.74456,753125136.564404,1354707158.82159,1321426328.51721,700261057.220466,616325204.59017,2419449822.39982,1335133605.23982,287624846.264586,1615187772.51612,2350515340.79701,0,0,0
