"Variable","box0","box1","box2","box3","box4","box5","box6","box7","box8","box9","box10","box11","box12","box13","box14","box15","box16","box17","box18","box19","box20","box21","box22","box23","box24","box25","box26","box27"
"ice_dz",NA,NA,NA,NA,1,NA,NA,NA,NA,NA,NA,NA,NA,NA,NA,NA,NA,NA,NA,NA,NA,NA,NA,NA,NA,NA,NA,NA
"SED",0,10000,10000,10000,10000,10000,10000,10000,10000,10000,10000,10000,10000,10000,10000,10000,10000,10000,10000,10000,10000,10000,10000,10000,10000,0,0,0
"reef",0,0,0,0,0,0,0,0,0,0,0,0,0,0,0,0,0,0,0,0,0,0,0,0,0,0,0,0
"flat",0,0,0,0,0,0,0,0,0,0,0,0,0,0,0,0,0,0,0,0,0,0,0,0,0,0,0,0
"soft",0,0,0,0,0,0,0,0,0,0,0,0,0,0,0,0,0,0,0,0,0,0,0,0,0,0,0,0
"Rugosity",0,0,0,0,0,0,0,0,0,0,0,0,0,0,0,0,0,0,0,0,0,0,0,0,0,0,0,0
"Pelagic_Bacteria_N",2.64912278947368,2.2807017368421,2.2807017368421,2.2807017368421,2.2807017368421,2.2807017368421,2.2807017368421,2.64912278947368,2.64912278947368,2.64912278947368,2.64912278947368,2.64912278947368,2.64912278947368,2.64912278947368,2.64912278947368,2.64912278947368,2.64912278947368,2.64912278947368,2.64912278947368,2.64912278947368,2.64912278947368,2.64912278947368,2.64912278947368,2.64912278947368,2.64912278947368,2.64912278947368,2.64912278947368,2.64912278947368
"Sediment_bacteria_N",7.017544,7.017544,7.017544,7.017544,7.017544,7.017544,7.017544,7.017544,7.017544,7.017544,7.017544,7.017544,7.017544,7.017544,7.017544,7.017544,7.017544,7.017544,7.017544,7.017544,7.017544,7.017544,7.017544,7.017544,7.017544,7.017544,7.017544,7.017544
"Ice_Bacteria_N",NA,NA,NA,NA,0.4210526,NA,NA,NA,NA,NA,NA,NA,NA,NA,NA,NA,NA,NA,NA,NA,NA,NA,NA,NA,NA,NA,NA,NA
"Labile_Detritus_N",271.008771929824,264.298245614035,264.298245614035,264.298245614035,264.298245614035,264.298245614035,264.298245614035,271.008771929824,271.008771929824,271.008771929824,271.008771929824,271.008771929824,271.008771929824,271.008771929824,271.008771929824,271.008771929824,271.008771929824,271.008771929824,271.008771929824,271.008771929824,271.008771929824,271.008771929824,271.008771929824,271.008771929824,271.008771929824,271.008771929824,271.008771929824,271.008771929824
"Refractory_Detritus_N",271.008771929824,264.298245614035,264.298245614035,264.298245614035,264.298245614035,264.298245614035,264.298245614035,271.008771929824,271.008771929824,271.008771929824,271.008771929824,271.008771929824,271.008771929824,271.008771929824,271.008771929824,271.008771929824,271.008771929824,271.008771929824,271.008771929824,271.008771929824,271.008771929824,271.008771929824,271.008771929824,271.008771929824,271.008771929824,271.008771929824,271.008771929824,271.008771929824
"Carrion_N",0,0,0,0,0,0,0,0,0,0,0,0,0,0,0,0,0,0,0,0,0,0,0,0,0,0,0,0
"Ice_Diatoms_N",NA,NA,NA,NA,0.0394,NA,NA,NA,NA,NA,NA,NA,NA,NA,NA,NA,NA,NA,NA,NA,NA,NA,NA,NA,NA,NA,NA,NA
"Ice_Diatoms_S",NA,NA,NA,NA,0.1182,NA,NA,NA,NA,NA,NA,NA,NA,NA,NA,NA,NA,NA,NA,NA,NA,NA,NA,NA,NA,NA,NA,NA
"Ice_Diatoms_F",NA,NA,NA,NA,8.673e-05,NA,NA,NA,NA,NA,NA,NA,NA,NA,NA,NA,NA,NA,NA,NA,NA,NA,NA,NA,NA,NA,NA,NA
"Ice_Mixotrophs_N",NA,NA,NA,NA,0.0394,NA,NA,NA,NA,NA,NA,NA,NA,NA,NA,NA,NA,NA,NA,NA,NA,NA,NA,NA,NA,NA,NA,NA
"Ice_Mixotrophs_F",NA,NA,NA,NA,8.673e-05,NA,NA,NA,NA,NA,NA,NA,NA,NA,NA,NA,NA,NA,NA,NA,NA,NA,NA,NA,NA,NA,NA,NA
"Pelagic_Picophytoplankton_N",0.630020666666666,1.068946625,2.24142594333333,4.49670427,0.482618808333333,2.716195615,1.963655615,0.685879333333334,0.873414666666667,1.274077,0.945731,1.39671033333333,1.40172966666667,0.452718,0.566036666666666,0.737471333333333,1.282653,1.244125,1.014642,0.517121333333334,0.549815666666666,1.080194,1.31040166666667,1.171007,0.786674,0.480673,0.555105333333334,0.909900333333333
"Pelagic_Picophytoplankton_F",0.001386045481,0.0023516826,0.00493113664,0.009892749,0.0010617614,0.0059756305,0.0043200425,0.001508934519,0.001921511963,0.00280296981,0.00208060824,0.00307276305,0.00308380519,0.000995979578,0.001245280649,0.001622437035,0.00282183662,0.00273707501,0.00223221196,0.001137666985,0.001209594476,0.00237642677,0.00288288342,0.00257621514,0.001730683162,0.001057480649,0.001221231657,0.00200178024
"Pelagic_Diatoms_N",0.630020666666667,1.068946625,2.24142594333333,4.49670427,0.482618808333333,2.716195615,1.963655615,0.685879333333333,0.873414666666667,1.274077,0.945731,1.39671033333333,1.40172966666667,0.452718,0.566036666666667,0.737471333333333,1.282653,1.244125,1.014642,0.517121333333333,0.549815666666667,1.080194,1.31040166666667,1.171007,0.786674,0.480673,0.555105333333333,0.909900333333333
"Pelagic_Diatoms_S",1.890062,3.206839875,6.72427783,13.49011281,1.447856425,8.148586845,5.890966845,2.057638,2.620244,3.822231,2.837193,4.190131,4.205189,1.358154,1.69811,2.212414,3.847959,3.732375,3.043926,1.551364,1.649447,3.240582,3.931205,3.513021,2.360022,1.442019,1.665316,2.729701
"Pelagic_Diatoms_F",0.001386045381,0.0023516822,0.00493113704,0.009892749,0.0010617614,0.0059756299,0.0043200419,0.001508934619,0.001921512263,0.00280296931,0.00208060794,0.00307276305,0.00308380559,0.000995979678,0.001245280649,0.001622436935,0.00282183662,0.00273707501,0.00223221196,0.001137666985,0.001209594376,0.00237642687,0.00288288422,0.00257621534,0.001730682862,0.001057480649,0.001221231757,0.00200178074
"Pelagic_Dinoflagellates_N",0.630020666666666,1.068946625,2.24142594333333,4.49670427,0.482618808333333,2.716195615,1.963655615,0.685879333333334,0.873414666666667,1.274077,0.945731,1.39671033333333,1.40172966666667,0.452718,0.566036666666666,0.737471333333333,1.282653,1.244125,1.014642,0.517121333333334,0.549815666666666,1.080194,1.31040166666667,1.171007,0.786674,0.480673,0.555105333333334,0.909900333333333
"Pelagic_Dinoflagellates_F",0.001386045481,0.0023516826,0.00493113664,0.009892749,0.0010617614,0.0059756305,0.0043200425,0.001508934519,0.001921511963,0.00280296981,0.00208060824,0.00307276305,0.00308380519,0.000995979578,0.001245280649,0.001622437035,0.00282183662,0.00273707501,0.00223221196,0.001137666985,0.001209594476,0.00237642677,0.00288288342,0.00257621514,0.001730683162,0.001057480649,0.001221231657,0.00200178024
"Ice_Zoobiota_N",NA,NA,NA,NA,0.0394,NA,NA,NA,NA,NA,NA,NA,NA,NA,NA,NA,NA,NA,NA,NA,NA,NA,NA,NA,NA,NA,NA,NA
"Ice_Zoobiota_F",0,0,0,0,0,0,0,0,0,0,0,0,0,0,0,0,0,0,0,0,0,0,0,0,0,0,0,0
"Copepods_N",1.34384959481361,2.24536737462561,4.70820995412641,9.44551758905672,1.01376124846677,5.70548372050566,4.12474190801945,1.46299799027553,1.86301536466775,2.71763769465154,2.01726811280389,2.97921802787682,2.98992392090762,0.965658886223664,1.20737027941653,1.57304512933549,2.73593116628849,2.65375005251217,2.1642564356564,1.10303282204214,1.17277061393841,2.30408088687196,2.79511965251217,2.49778674100486,1.67799511961102,1.02528758249595,1.18405373095624,1.94083966547812
"Salps_N",0.0567504051863856,0.0948212573743922,0.198826433873582,0.398881654943273,0.0428108635332253,0.240941035494327,0.174186735980551,0.0617820097244733,0.0786746353322529,0.11476510534846,0.0851886871961101,0.125811572123177,0.126263679092383,0.0407795137763371,0.0509869205834684,0.0664292706645056,0.115537633711507,0.112067147487844,0.091395964343598,0.0465807779578606,0.0495257860615883,0.097300713128039,0.118037147487844,0.105480858995138,0.070861280388979,0.0432976175040519,0.05000226904376,0.08196113452188
"Benthos_N",NA,33.1115789473684,33.1115789473684,33.1115789473684,33.1115789473684,33.1115789473684,33.1115789473684,33.1115789473684,33.1115789473684,33.1115789473684,33.1115789473684,33.1115789473684,33.1115789473684,33.1115789473684,33.1115789473684,33.1115789473684,33.1115789473684,33.1115789473684,33.1115789473684,33.1115789473684,33.1115789473684,33.1115789473684,33.1115789473684,33.1115789473684,33.1115789473684,NA,NA,NA
"Cephalopod_N1",0.024970181,0.041721353,0.087483631,0.175507929,0.018836781,0.106014054,0.076642163,0.027184086,0.034616838,0.050496644,0.03748302,0.055357092,0.055556018,0.017942986,0.022434243,0.029228881,0.050836562,0.049309543,0.040214222,0.02049554,0.021791344,0.042812313,0.051936343,0.046411581,0.031178966,0.019050953,0.022000999,0.0360629
"Cephalopod_N2",0,0,0,0,0,0,0,0,0,0,0,0,0,0,0,0,0,0,0,0,0,0,0,0,0,0,0,0
"Fish_Mesopelagic_F",0,0,0,0,0,0,0,0,0,0,0,0,0,0,0,0,0,0,0,0,0,0,0,0,0,0,0,0
"Fish_Mesopelagic1_Nums",0,105419291.887352,256769251.745078,1029614958.89443,202128602.170333,400341981.721321,734982310.09128,201821711.665351,639773833.152695,984426473.08346,245378447.399588,352931253.478033,466718320.962329,592365294.17003,608295173.527785,1027160003.10286,210519484.380868,378678440.960259,369375520.508811,556685321.93616,489958982.292268,2984774695.95128,80399167.9350475,451490038.693321,657034606.269035,0,0,0
"Fish_Mesopelagic2_Nums",0,38781590.1882084,94460128.8419889,378774175.699839,74358957.2111869,147277584.513108,270384881.507275,74246058.5037135,235359640.216325,362150260.792317,90269686.1048765,129836152.301436,171696075.100095,217919013.388628,223779288.504688,377871047.935137,77445790.269734,139308013.244133,135885660.067192,204793085.142219,180245836.602608,1098037247.16922,29577200.9705941,166093903.128972,241709523.784551,0,0,0
"Fish_Mesopelagic3_Nums",0,14266949.726178,34749939.4113733,139343232.086631,27355131.6249426,54180395.487762,99469039.110103,27313598.5115283,86583972.9170931,133227635.56037,33208361.6789835,47764051.1525024,63163456.159153,80167924.8660405,82323799.6008475,139010989.949245,28490714.0455104,51248554.0629555,49989540.6887312,75339165.7178949,66308737.6428465,403945328.874041,10880844.1644776,61102532.26507,88919964.535676,0,0,0
"Fish_Mesopelagic4_Nums",0,5248517.49248741,12783788.2913975,51261510.3510525,10063390.5353551,19931853.6144856,36592614.521685,10048111.3568022,31852463.5711436,49011708.1185414,12216673.5366836,17571412.4460668,23236536.9542861,29492131.3995932,30285233.3922696,51139285.2992175,10481147.9616377,18853289.4295246,18390124.2929875,27715730.1826219,24393621.3488342,148603181.849997,4002838.87070157,22478365.4238339,32711826.8623689,0,0,0
"Fish_Benthopelagic_F",0,0,0,0,0,0,0,0,0,0,0,0,0,0,0,0,0,0,0,0,0,0,0,0,0,0,0,0
"Fish_Benthopelagic1_Nums",0,9198532.70005572,22404820.9417854,89840736.9115821,17637061.7122636,34932494.272526,64132083.3435444,19566981.643789,62027235.554481,95441935.2087525,23789886.3131754,34217326.2794188,45249189.216235,0,0,0,0,0,0,0,0,289379329.927421,0,0,0,0,0,0
"Fish_Benthopelagic2_Nums",0,3383951.06929374,8242273.00761025,33050560.0894634,6488312.40661375,12850946.4717014,23592874.9815834,7198290.27252896,22818544.7531919,35111125.7889169,8751810.0824231,12587850.8700535,16646246.4423294,0,0,0,0,0,0,0,0,106456706.180266,0,0,0,0,0,0
"Fish_Benthopelagic3_Nums",0,1244886.02832328,3032162.78802212,12158621.5761149,2386916.74229081,4727599.00653366,8679333.66385262,2648103.00284779,8394473.49214976,12916661.334127,3219611.00236041,4630811.54362474,6123811.83880625,0,0,0,0,0,0,0,0,39163233.5785487,0,0,0,0,0,0
"Fish_Benthopelagic4_Nums",0,203541.322854092,495764.600888188,1987958.62703832,390265.598789645,772971.769158339,1419088.18577715,974182.65285206,3088154.21722054,4751774.1533994,1184428.69633777,1703580.36283893,2252824.4770991,0,0,0,0,0,0,0,0,14407348.4833432,0,0,0,0,0,0
"Fish_Benthopelagic5_Nums",0,74878.6681068592,182381.604327329,731329.108786804,143570.690391173,284360.422479272,522053.368756696,358381.76993013,1136068.44768233,1748080.02012547,435726.96691616,626712.19187183,828767.809692565,0,0,0,0,0,0,0,0,5300167.3088145,0,0,0,0,0,0
"Fish_Benthopelagic6_Nums",0,27546.3225788134,67094.4426798888,269040.943852898,52816.7053497028,104610.35331295,192052.701559882,131841.285247928,417936.225665882,643082.700926724,160294.993092445,230554.530921138,304886.638690581,0,0,0,0,0,0,0,0,1949822.58768183,0,0,0,0,0,0
"Fish_Benthopelagic7_Nums",0,10133.7257566221,24682.666078787,98974.6320768416,19430.1800485654,38483.9983175151,70652.2405253152,48501.6983403326,153750.145143267,236576.904643945,58969.2324814286,84816.2719948125,112161.52626213,0,0,0,0,0,0,0,0,717299.643939846,0,0,0,0,0,0
"Fish_Benthopelagic8_Nums",0,3727.9893683308,9080.24540368544,36410.7323385776,7147.96377812676,14157.4717950902,25991.5067619632,17842.7776813074,56561.517475333,87031.779474484,21693.5682915769,31202.1627436966,41261.9196022486,0,0,0,0,0,0,0,0,263879.792165066,0,0,0,0,0,0
"Fish_Benthopelagic9_Nums",0,1371.45064551461,3340.43560480736,13394.7598653589,2629.58892021098,5208.24281237824,9561.7409827948,6563.99108234566,20807.8194406343,32017.2023972294,7980.61778011981,11478.6341934915,15179.4119249362,0,0,0,0,0,0,0,0,97075.9504781206,0,0,0,0,0,0
"Fish_Benthopelagic10_Nums",0,504.528497066128,1228.87758356572,4927.65677389387,967.371702477832,1916.00545530288,3517.56792937663,2414.75737122765,7654.7689878168,11778.4705257657,2935.90520915336,4222.75353251307,5584.19357625665,0,0,0,0,0,0,0,0,35712.2464130776,0,0,0,0,0,0
"Fish_Benthopelagic11_Nums",0,185.605661555756,452.078798710268,1812.78362026476,355.876161312611,704.85901617826,1294.04092414166,888.339592291851,2816.03213753454,4333.05715487299,1080.05916767566,1553.46420974564,2054.31001222646,0,0,0,0,0,0,0,0,13137.8012534198,0,0,0,0,0,0
"Fish_Benthopelagic12_Nums",0,68.2805070513872,166.310495834991,666.885825187744,130.919523349922,259.30314097631,476.051052026211,326.801872782793,1035.96032907703,1594.0426446986,397.331563036616,571.487545361064,755.738419290766,0,0,0,0,0,0,0,0,4833.12698332957,0,0,0,0,0,0
"Fish_Benthopelagic13_Nums",0,25.118994776967,61.1822122687219,245.333584695224,48.1626010884008,95.3922945963648,175.12939498848,120.223690333115,381.10850693664,586.415517335168,146.170113369686,210.238518823867,278.020627360477,0,0,0,0,0,0,0,0,1778.0080537379,0,0,0,0,0,0
"Fish_Benthopelagic14_Nums",0,9.240761761339,22.50767805905,90.2531820382656,17.718030773764,35.0928640281723,64.4265039610547,44.2278240153148,140.201984557534,215.730212811524,53.7729796224066,77.342428817636,102.278073027506,0,0,0,0,0,0,0,0,654.092609207424,0,0,0,0,0,0
"Fish_Benthopelagic15_Nums",0,3.39948627275984,8.28011202643003,33.2022901721816,6.51809925971072,12.9099432077894,23.7011862738226,16.2705071829829,51.5774277301528,79.3627101328997,19.7819736936142,28.452689492274,37.6260003494508,0,0,0,0,0,0,0,0,240.627223549597,0,0,0,0,0,0
"Fish_Benthopelagic16_Nums",0,1.25060111029288,3.04608298512002,12.2144399541542,2.39787471316236,4.74930269283664,8.71917916151408,5.98558509005168,18.9742752904291,29.1959094535423,7.27738142767499,10.4671595102423,13.8418319820725,0,0,0,0,0,0,0,0,88.5218085300615,0,0,0,0,0,0
"Fish_Benthopelagic17_Nums",0,0.460070437582928,1.1205913063278,4.4934413445564,0.882128809477304,1.74717082059477,3.2076067574115,2.20197369801233,6.98024579047614,10.7405748542612,2.67719901280451,3.85065279128029,5.09212541435382,0,0,0,0,0,0,0,0,32.5653534535245,0,0,0,0,0,0
"Fish_Benthopelagic18_Nums",0,0.169250455477509,0.412242503553443,1.65304469077206,0.324517053471741,0.642748225111456,1.18001258141428,0.810060853498991,2.56788892063968,3.95123667524564,0.984886476735259,1.41657599700145,1.87328825180738,0,0,0,0,0,0,0,0,11.9801240300331,0,0,0,0,0,0
"Fish_Benthopelagic19_Nums",0,0.062263762979078,0.151655541834358,0.608121157072643,0.119383152281787,0.236453857867938,0.434102369025956,0.29800473410007,0.944673541115265,1.45357874002548,0.362319486678678,0.521129186153772,0.689144235227928,0,0,0,0,0,0,0,0,4.40724133333314,0,0,0,0,0,0
"Fish_Benthopelagic20_Nums",0,0.0229055583299744,0.055790955980576,0.223715271428416,0.0439186073467088,0.0869865130952888,0.159697336928468,0.109629815047178,0.347525974394931,0.53474173457926,0.133289890284876,0.191712713780378,0.253521996142171,0,0,0,0,0,0,0,0,1.62133347881428,0,0,0,0,0,0
"Seal_Fish_F",0,0,0,0,0,0,0,0,0,0,0,0,0,0,0,0,0,0,0,0,0,0,0,0,0,0,0,0
"Seal_Fish1_Nums",0,0,0,0,0,0,0,0,0,0,0,0,0,10500.6065656369,10782.9887332286,18208.0266664737,3731.78898500712,6712.67098620916,6547.7620887206,9868.12293705816,8685.29361356234,52909.8262131751,1425.20171083515,8003.3710807877,11646.9718404179,0,0,0
"Seal_Fish2_Nums",0,0,0,0,0,0,0,0,0,0,0,0,0,3862.95727532767,3966.8398693381,6698.35867489706,1372.84844637416,2469.45365117438,2408.78705812209,3630.27955149605,3195.14096096721,19464.437299781,524.30240893862,2944.27568068786,4284.68149199247,0,0,0
"Seal_Fish3_Nums",0,0,0,0,0,0,0,0,0,0,0,0,0,1421.1025637167,1459.3188343487,2464.18844608701,505.042719265211,908.46122919281,886.143236842956,1335.50521270048,1175.4266711846,7160.56631656004,192.880077205181,1083.13849206612,1576.24623287181,0,0,0
"Seal_Fish4_Nums",0,0,0,0,0,0,0,0,0,0,0,0,0,522.794416987404,536.853397271159,906.524268487615,185.794833330991,334.204209321373,325.99387876764,491.304911329801,432.4153069334,2634.22513500716,70.9566150153465,398.464383172563,579.868583297474,0,0,0
"Seal_Fish5_Nums",0,0,0,0,0,0,0,0,0,0,0,0,0,192.325317968876,197.497327779104,333.491641299574,68.3500994583464,122.94685776229,119.92644594635,180.740976224792,159.076701468637,969.0772705862,26.1034798792628,146.586854608246,213.321730376351,0,0,0
"Seal_Fish6_Nums",0,0,0,0,0,0,0,0,0,0,0,0,0,70.75253049751,72.65520657623,122.684718636634,25.144596392749,45.2296213273762,44.1184739164206,66.4908893303576,58.5210480396785,356.503604755198,9.6029335906132,53.9262901563609,78.4766789605769,0,0,0
"Seal_Fish7_Nums",0,0,0,0,0,0,0,0,0,0,0,0,0,26.0284013808894,26.7283567934592,45.1331857323207,9.25018006944595,16.6390478183111,16.2302795297097,24.4606312098442,21.5286904496041,131.150346892947,3.53272184292126,19.8383734871711,28.8699568010077,0,0,0
"Seal_Fish8_Nums",0,0,0,0,0,0,0,0,0,0,0,0,0,9.5753137545876,9.8328129606087,16.6035711454931,3.40295107468299,6.12116361302519,5.97078616344589,8.9985633401782,7.91996261175331,48.2475163244181,1.29961573738802,7.29812975221086,10.6206635745984,0,0,0
"Seal_Fish9_Nums",0,0,0,0,0,0,0,0,0,0,0,0,0,3.52256107307891,3.61728973709204,6.10811247445426,1.25187573968814,2.25185024927867,2.19652947716265,3.31038645293059,2.91359141971052,17.749269343337,0.478101911207916,2.68483189484001,3.90712378069315,0,0,0
"Seal_Fish10_Nums",0,0,0,0,0,0,0,0,0,0,0,0,0,1.29587779905655,1.33072652703661,2.24704900371455,0.460539347532558,0.828409411306411,0.808058036575196,1.21782311836562,1.07185038328502,6.52959128722821,0.175883863918167,0.987694457113006,1.43735051302905,0,0,0
"Seal_Krill_F",0,0,0,0,0,0,0,0,0,0,0,0,0,0,0,0,0,0,0,0,0,0,0,0,0,0,0,0
"Seal_Krill1_Nums",0,4974.40405762836,12116.1315437384,48584.2841250748,9537.81154092048,18890.8760688844,34681.4982357301,9523.33034544008,30188.9103466937,46451.9819330208,11578.6353953446,16653.7132619046,22022.9662711579,0,0,0,0,0,0,0,0,0,0,0,0,0,0,0
"Seal_Krill2_Nums",0,1829.98098488128,4457.2757014702,17873.1592936471,3508.76477967236,6949.56493146016,12758.6101899488,3503.43744557154,11105.8794679165,17088.7291548257,4259.54191876724,6126.55872821892,8101.79652477108,0,0,0,0,0,0,0,0,0,0,0,0,0,0,0
"Seal_Krill3_Nums",0,673.212382072492,1639.7400942039,6575.16785291504,1290.80242634791,2556.60206337022,4693.6303868026,1288.84260965596,4085.62473237452,6286.5921318074,1566.99790072243,2253.8350012412,2980.48437801752,0,0,0,0,0,0,0,0,0,0,0,0,0,0,0
"Seal_Krill4_Nums",0,247.660994906524,603.226669522136,2418.86907533882,474.859675267608,940.521338370392,1726.69012376225,474.13869899818,1503.01734338216,2312.70800032209,576.466312034592,829.139560749248,1096.4589274053,0,0,0,0,0,0,0,0,0,0,0,0,0,0,0
"Seal_Krill5_Nums",0,91.1093884061752,221.914690083514,889.852203702528,174.691111972301,345.998464369517,635.213797805904,174.425879625205,552.929180354412,850.797726751216,212.070104725447,305.023398261569,403.3646974813,0,0,0,0,0,0,0,0,0,0,0,0,0,0,0
"Seal_Krill6_Nums",0,33.5172708923357,81.6378521756572,327.358331423263,64.265268649988,127.285721718435,233.682096961226,64.1676951223576,203.411277876165,312.990992267171,78.0162316155668,112.21183729668,148.389579497709,0,0,0,0,0,0,0,0,0,0,0,0,0,0,0
"Seal_Krill7_Nums",0,12.3303148854643,30.0328874368175,120.428400026806,23.6418711176901,46.8258001748816,85.9668392418664,23.6059758228724,74.8308272330528,115.142951326942,28.7005676890365,41.2804279975236,54.5894755812824,0,0,0,0,0,0,0,0,0,0,0,0,0,0,0
"Seal_Krill8_Nums",0,4.53606934953252,11.0484818470213,44.3031325030324,8.69735833502312,17.2262492007411,31.6254327795731,8.68415319402488,27.5287229048922,42.358724588986,10.5583488027459,15.1862207830469,20.0823457706843,0,0,0,0,0,0,0,0,0,0,0,0,0,0,0
"Seal_Krill9_Nums",0,1.66872665742093,4.064509327675,16.2982116273598,3.19957932395609,6.33718292944864,11.6343465377543,3.19472142406506,10.1272511984152,15.5829039305312,3.88419945724733,5.58669841517344,7.387882139531,0,0,0,0,0,0,0,0,0,0,0,0,0,0,0
"Seal_Krill10_Nums",0,0.6138902301999,1.4952494201012,5.99577698556704,1.17705945368067,2.33131931468677,4.28003690270396,1.17527233218349,3.72560751147581,5.73262998979208,1.42891712573057,2.05523149096739,2.71784995293115,0,0,0,0,0,0,0,0,0,0,0,0,0,0,0
"Penguin_Krill1_Nums",0,4090.11781754244,9962.27988973608,39947.5884649494,7842.30080064704,15532.6965608757,28516.2628989686,7830.3938877852,24822.3101040314,38194.3398170577,9520.3329654538,13693.2280835333,18108.003631644,0,0,0,0,0,0,0,0,0,0,0,0,0,0,0
"Penguin_Krill2_Nums",0,1504.67025704288,3664.9179586296,14695.8965206323,2885.02123604038,5714.15973070052,10490.5468595705,2880.6409275907,9131.61756965532,14050.9123878113,3502.3347710972,5037.45709520336,6661.56225673964,0,0,0,0,0,0,0,0,0,0,0,0,0,0,0
"Penguin_Krill3_Nums",0,553.537253308224,1348.24797055984,5406.31819952356,1061.34000008228,2102.12188849447,3859.25651628162,1059.72857465765,3359.33436851612,5169.04179717692,1288.43695838655,1853.17690110852,2450.65180033815,0,0,0,0,0,0,0,0,0,0,0,0,0,0,0
"Penguin_Krill4_Nums",0,203.634975414604,495.992709970084,1988.87331803573,390.445166123168,773.327425613604,1419.74113054693,389.852355838466,1235.83005019773,1901.58420773728,473.989468235876,681.745682771628,901.544414814188,0,0,0,0,0,0,0,0,0,0,0,0,0,0,0
"Penguin_Krill5_Nums",0,74.9131209584848,182.465520968904,731.665604799776,143.636749521482,284.491261177282,522.293573713716,143.418666805225,454.636468249616,699.553735682832,174.370980695763,250.80022079907,331.659655513079,0,0,0,0,0,0,0,0,0,0,0,0,0,0,0
"Penguin_Krill6_Nums",0,27.5589970746161,67.1253138870964,269.164733818107,52.8410071456452,104.658486180057,192.141068025237,52.7607789978596,167.251409875827,257.351437352394,64.1474989348736,92.2642450732364,122.010768729264,0,0,0,0,0,0,0,0,0,0,0,0,0,0,0
"Penguin_Krill7_Nums",0,10.1383884430552,24.6940229612427,99.0201718600652,19.4391201796761,38.5017054097687,70.6847487312084,19.4096058935025,61.5283552002552,94.6743029578664,23.5985460607071,33.9421189176472,44.88525341702,0,0,0,0,0,0,0,0,0,0,0,0,0,0,0
"Penguin_Krill8_Nums",0,3.72970467481016,9.08442336725676,36.427485488581,7.15125266856376,14.1639858702932,26.0034658625808,7.14039496945964,22.6350169272679,34.8287296654357,8.68141993727148,12.4866077395987,16.5123619438918,0,0,0,0,0,0,0,0,0,0,0,0,0,0,0
"Penguin_Krill9_Nums",0,1.37208167150368,3.3419725917112,13.40092300482,2.63079883538702,5.21063920672368,9.56614049004688,2.62680451110819,8.32695737810944,12.8127736060317,3.19371591509804,4.59356627737056,6.07455848433952,0,0,0,0,0,0,0,0,0,0,0,0,0,0,0
"Penguin_Krill10_Nums",0,0.504760638554352,1.22944300944899,4.92992406619472,0.96781680539666,1.91688703951551,3.51918641764596,0.966347375613104,3.06331642691732,4.71355599404316,1.17490242610661,1.68987859510307,2.23470518058207,0,0,0,0,0,0,0,0,0,0,0,0,0,0,0
"Penguin_Krill11_Nums",0,0.185691061636715,0.452286807268232,1.81361771048935,0.356039905525654,0.705183332885744,1.29463633270172,0.355499332518039,1.12693113526564,1.7340203450189,0.432222447947072,0.6216715932141,0.82210209301546,0,0,0,0,0,0,0,0,0,0,0,0,0,0,0
"Penguin_Krill12_Nums",0,0.0683119239854464,0.166387017907053,0.667192669833452,0.130979761479511,0.259422450425424,0.476270090594556,0.130780895783557,0.414574796280224,0.637910435505464,0.159005752612521,0.228700198303763,0.3024344585644,0,0,0,0,0,0,0,0,0,0,0,0,0,0,0
"Penguin_Krill13_Nums",0,0.0251305524211121,0.0612103631658296,0.245446466532013,0.0481847614578512,0.0954361860898308,0.175209974774597,0.0481116028567556,0.152513544379333,0.234674134531181,0.0584949474141388,0.0841341011477864,0.111259419607659,0,0,0,0,0,0,0,0,0,0,0,0,0,0,0
"Penguin_Krill14_Nums",0,0.00924501358100836,0.0225180341953464,0.090294708945302,0.0177261831180935,0.0351090108062608,0.0644561476077416,0.0176992695728056,0.0561065974773452,0.0863317894687228,0.0215190885660663,0.0309512061137092,0.0409300531103248,0,0,0,0,0,0,0,0,0,0,0,0,0,0,0
"Penguin_Krill15_Nums",0,0.00340105042980375,0.00828392183606344,0.0332175670675358,0.00652109833958692,0.0129158832754894,0.0237120915619999,0.00651119739958644,0.0206404637259968,0.0317596904650844,0.00791643027620328,0.0113863124086935,0.0150573250653437,0,0,0,0,0,0,0,0,0,0,0,0,0,0,0
"Penguin_Fish1_Nums",0,1043.87922408476,2542.57150168387,10195.4172253904,2001.51077304113,3964.25236563313,7277.91611799045,1998.47189261912,6335.14606847105,9747.95338209005,2429.77787739565,3494.7835110635,4621.52182992178,0,0,0,0,0,0,0,0,0,0,0,0,0,0,0
"Penguin_Fish2_Nums",0,384.021705606779,935.359783177895,3750.68439138632,736.31466468499,1458.36694493168,2677.39571437897,735.196723053555,2330.56999540859,3586.07164276856,893.865327707045,1285.65900506521,1700.16286815325,0,0,0,0,0,0,0,0,0,0,0,0,0,0,0
"Penguin_Fish3_Nums",0,141.273690456326,344.099634329726,1379.79967791365,270.875027370653,536.50321672437,984.95883920055,270.463759628018,857.368787521845,1319.24203194245,328.834677239396,472.967516320423,625.454965836655,0,0,0,0,0,0,0,0,0,0,0,0,0,0,0
"Penguin_Fish4_Nums",0,51.9716862973005,126.587181184517,507.59993443941,99.649353696415,197.368503555243,362.346107341971,99.4980567490825,315.408350431373,485.322021480868,120.971517300621,173.995025596202,230.092023309892,0,0,0,0,0,0,0,0,0,0,0,0,0,0,0
"Penguin_Fish5_Nums",0,19.1193149117884,46.5688214736283,186.735580220231,36.6589485509325,72.6078147927465,133.299683479612,36.6032895144969,116.0322476975,178.539994050576,44.5029341822138,64.0091927829415,84.6461249532495,0,0,0,0,0,0,0,0,0,0,0,0,0,0,0
"Penguin_Fish6_Nums",0,7.03360288532955,17.131712019731,68.6961808982435,13.4860735068497,26.7109223306352,49.0382130668096,13.4655976916296,42.6858784408227,65.6811932380785,16.3717145574423,23.5476660708237,31.1395691451295,0,0,0,0,0,0,0,0,0,0,0,0,0,0,0
"Penguin_Fish7_Nums",0,2.58751789887688,6.30240464412875,25.2719126394582,4.96124918529686,9.8263991801679,18.0401504190641,4.95371655383617,15.703257106722,24.1627606638979,6.02281720241024,8.66270223502635,11.4556072954297,0,0,0,0,0,0,0,0,0,0,0,0,0,0,0
"Penguin_Fish8_Nums",0,0.95189463865993,2.31852509851838,9.29701709913735,1.82514157779928,3.61493023912768,6.63660045481405,1.82237047754697,5.77690544899235,8.88898289019405,2.21567062670043,3.1868300572561,4.21428241012218,0,0,0,0,0,0,0,0,0,0,0,0,0,0,0
"Penguin_Fish9_Nums",0,0.350182467724307,0.852937717584905,3.420181454992,0.671432063699565,1.32985851624404,2.44146886659513,0.670412632887315,2.12520474827557,3.2700740582271,0.81509967197053,1.17236926057173,1.55034785797439,0,0,0,0,0,0,0,0,0,0,0,0,0,0,0
"Penguin_Fish10_Nums",0,0.128824930534455,0.313778250899181,1.25821444236739,0.247006052378384,0.489227607792941,0.89816620228049,0.246631024740861,0.78181913517051,1.20299301712982,0.299858411823545,0.431290548425705,0.57034110361296,0,0,0,0,0,0,0,0,0,0,0,0,0,0,0
"Flying_Seabirds1_Nums",0,53810.5961871635,131066.204976019,525560.301055086,103175.238559618,204351.977038459,375166.96977335,103018.588284876,326568.418081203,502494.130539715,125251.842520074,180151.477236534,238233.350393695,302369.035773215,310500.339731758,524307.184738401,107458.310151179,193293.962674984,188545.347058128,284156.424556876,250096.395758146,1523558.95204763,41039.2356283302,230460.17213447,335379.068156847,0,0,0
"Flying_Seabirds2_Nums",0,19795.8120544359,48216.5622430397,193342.82985404,37956.0491040425,75176.8911151876,138016.215186204,37898.4206885112,120137.807147955,184857.25993488,46077.5778319782,66274.0247719859,87641.151811233,111235.351907798,114226.691464062,192881.834123735,39531.7030876432,71108.8749706867,69361.9569112198,104535.306671259,92005.3223104988,560486.015871031,15097.4910690533,84781.5593371031,123379.06417414,0,0,0
"Flying_Seabirds3_Nums",0,7282.47227612076,17737.8819731775,71126.8522012095,13963.250133471,27656.0326924616,50773.3281152981,13942.0498241697,44196.2293571522,68005.1854813278,16950.9935833618,24380.8511973005,32241.3779519379,40921.1990983495,42021.6514226619,70957.2613495626,14542.9008404375,26159.4931865462,25516.8379470572,38456.390200908,33846.8665563847,206191.282303043,5554.05657757415,31189.392670577,45388.6211806381,0,0,0
"Flying_Seabirds4_Nums",0,2679.07183128583,6525.40210785754,26166.1066400647,5136.79265603837,10174.0858519219,18678.4635734701,5128.99349809997,16258.884157794,25017.7096316312,6235.92204674784,8969.21391374699,11860.9401035562,15054.0678563662,15458.90164247,26103.7176523331,5350.03423419186,9623.53973479477,9387.12008442566,14147.315336581,12451.5663541672,75853.5337080666,2043.22322999255,11473.9363461285,16697.5405954754,0,0,0
"Flying_Seabirds5_Nums",0,985.575448151583,2400.56128085758,9625.97268837938,1889.72041171697,3742.83701763531,6871.42274134933,1886.85126185298,5981.30921804049,9203.50103867388,2294.06751774627,3299.58940233637,4363.3960170642,5538.08207035695,5687.01209735616,9603.0210624374,1968.16760432259,3540.30241972747,3453.32849086773,5204.50646009758,4580.67527208016,27904.9555914027,751.65982003817,4221.02529105047,6142.68190320098,0,0,0
"Flying_Seabirds6_Nums",0,362.572945098298,883.117142499689,3541.19745333257,695.189289032705,1376.91279044346,2527.85515814033,694.133787784104,2200.40069260633,3385.77881892814,843.940276438057,1213.85110542672,1605.20368836727,2037.3465372045,2092.13483231062,3532.75402200706,724.04839840993,1302.40447574725,1270.40855540184,1914.63092811386,1685.13625928069,10265.6594688791,276.520194546669,1552.82842524217,2259.76638584351,0,0,0
"Flying_Seabirds7_Nums",0,133.383132426646,324.880640871707,1302.73374020972,255.745847157724,506.537907890153,929.945942939014,255.357549948233,809.482177149272,1245.55841983739,310.468277278105,446.550866329718,590.521435842891,749.497905579365,769.653392965739,1299.62757541212,266.362520188123,479.127830717082,467.357189420649,704.353355884086,619.926985361916,3776.52506866758,101.726094642447,571.25365331322,831.321595202119,0,0,0
"Flying_Seabirds8_Nums",0,49.068912218811,119.516908611303,479.248960343535,94.0836393343006,186.344882486781,342.107993808054,93.9407927738646,297.791850967917,458.215335436163,114.21489634653,164.27688316,217.24069581764,275.724870663703,283.139660099941,478.106266173608,97.9892950758237,176.261278613886,171.931101671524,259.117118949868,228.058392942039,1389.30593183137,37.4229388496167,210.152474748012,305.826123876708,0,0,0
"Flying_Seabirds9_Nums",0,18.0514440059467,43.9678135504647,176.305839713174,34.611436661678,68.5524512343951,125.85449758239,34.5588863488516,109.551499719487,168.568001536441,42.0173122414155,60.4340879742872,79.9183857770888,101.433511336831,104.161259931038,175.885466020512,36.0482471132776,64.8429006766402,63.2499176029108,95.3238609172314,83.8979941499744,511.097089818296,13.76712983099,77.3107749710944,112.507143547391,0,0,0
"Flying_Seabirds10_Nums",0,6.64075513324527,16.1748546784751,64.8592937889445,12.7328359772389,25.2190374510418,46.2992822395224,12.7135037975229,40.3017444962982,62.0127022046127,15.4573053468979,22.2324585116865,29.4003310989992,37.3153034666507,38.3187860951437,64.7046469498046,13.2614090032426,23.8543700648577,23.2683443418986,35.0676886845354,30.8643472032975,188.022111786705,5.06464402875931,28.4410446928973,41.3890650960096,0,0,0
"Flying_Seabirds11_Nums",0,2.44299728737466,5.95039650014671,23.8604007538513,4.68414858383427,9.27756540437094,17.0325540769144,4.67703667236373,14.8261832435324,22.813198232564,5.68642485303316,8.17886441314652,10.8157773749552,13.7275329864542,14.0966936150495,23.8035093610896,4.87859973325883,8.77553232895664,8.55994551348235,12.900681716441,11.3543588012705,69.1694694119675,1.86317841503226,10.4628756279551,15.2261861381285,0,0,0
"Flying_Seabirds12_Nums",0,0.898728476862739,2.18902853922248,8.77775089545348,1.72320196338496,3.41302557639149,6.26592647553763,1.72058563736751,5.45424800633611,8.39250661712897,2.09191879719724,3.00883606972534,3.97890213653325,5.05007716371932,5.18588376946945,8.75682172167683,1.7947365435704,3.22833792915849,3.14902797195788,4.74589558057496,4.17703517067142,25.4460257533998,0.68542503412476,3.84907683905842,5.60140084766706,0,0,0
"Flying_Seabirds13_Nums",0,0.330623729833126,0.805298595717504,3.22915409416155,0.63393057531559,1.25558194174674,2.30510553024213,0.63296808276237,2.00650570858138,3.08743064433704,0.769573918088957,1.10688893190704,1.46375629446371,1.85781956486173,1.90778002309247,3.22145468140842,0.660246676698646,1.1876391532914,1.15846265055711,1.74591741403993,1.53664536434006,9.36106973419484,0.252153778518733,1.41599623657875,2.060640213617,0,0,0
"Flying_Seabirds14_Nums",0,0.121629672969028,0.296252797368703,1.18793940361663,0.23321002578859,0.461902783074745,0.848000934306676,0.23285594456598,0.738152198780228,1.1358022600943,0.283110422926683,0.407201681708815,0.53848584761849,0.683453623318704,0.701833048773301,1.18510694795566,0.2428911784592,0.436908028026165,0.426174592504936,0.6422871226085,0.56530023791211,3.4437451025825,0.0927621911307393,0.520915904213457,0.758067170240824,0,0,0
"Flying_Seabirds15_Nums",0,0.0447450561217114,0.108985313541475,0.437018483948021,0.0857931739626842,0.169924537713071,0.311962109825601,0.0856629147603811,0.271551018386741,0.417838300724751,0.104150504176079,0.14980112711111,0.198097872700621,0.251428537013082,0.258189949778371,0.43597648174232,0.0893546709970436,0.160729481193582,0.156780870932183,0.236284227736829,0.20796233561719,1.26688302387494,0.0341253030350149,0.191634251739363,0.278877326958611,0,0,0
"Flying_Seabirds16_Nums",0,0.01646078624124,0.0400934562415322,0.160770115656389,0.0315615448937166,0.0625117439752003,0.114764446629306,0.0315136252111659,0.0998980368936505,0.153714120570646,0.0383148292740198,0.0551087549284875,0.0728761347063559,0.092495389690926,0.09498277444055,0.160386784467256,0.0328717464324505,0.0591290717212709,0.0576764591849035,0.0869241096574503,0.0765050678115599,0.4660602188527,0.0125539974103274,0.0704983014391845,0.102593235196919,0,0,0
"Flying_Seabirds17_Nums",0,0.00605558484366994,0.0147495582767665,0.0591440203047406,0.0116108434980079,0.022996785440249,0.042219480492339,0.01159321483197,0.0367504339865603,0.0565482647756891,0.0140952379819056,0.020273377966746,0.026809631710509,0.0340271522704327,0.0349422099821027,0.0590030006410989,0.0120928397078992,0.0217523698618073,0.0212179835736898,0.031977592885108,0.0281446415933,0.171453972863772,0.00461835755177898,0.0259348757369831,0.0377419420322131,0,0,0
"Flying_Seabirds18_Nums",0,0.00222772516825555,0.0054260592563825,0.0217578691383404,0.0042713906175762,0.00846004457649835,0.0155316788900703,0.0042649053937656,0.0135197291177838,0.0208029440448953,0.00518534827196193,0.00745815895706394,0.00986271233167421,0.0125178897619023,0.0128545206815111,0.0217059909032857,0.0044487071139178,0.00800224966891618,0.00780565993987385,0.0117638990005814,0.0103538350213137,0.0630743917237479,0.00169899879527836,0.00954090759297213,0.0138844845435355,0,0,0
"Flying_Seabirds19_Nums",0,0.000819534289981411,0.00199613564700113,0.00800427273969403,0.00157135679341888,0.00311227647108771,0.00571378535053334,0.00156897101290756,0.00497363039263957,0.00765297542995685,0.00190758302456866,0.00274370334929247,0.003628289101011,0.00460507429025435,0.00472891388484106,0.00798518780357315,0.0016365878870035,0.00294386313631525,0.0028715418166551,0.00432769659033118,0.0038089630416222,0.023203771979561,0.000625026727357958,0.00350990375357096,0.00510781641482937,0,0,0
"Flying_Seabirds20_Nums",0,0.000301489816619196,0.00073433726632117,0.00294460738246245,0.000578069859043885,0.00114494252895477,0.00210198416172778,0.000577192179442624,0.00182969636943755,0.0028153723244713,0.000701760577066448,0.00100935205487793,0.00133477296688836,0.00169411215645175,0.00173967019730321,0.00293758642682751,0.000602067037298799,0.00108298672547286,0.00105638119881151,0.00159207060321059,0.00140123919519465,0.00853619066891049,0.000229934483177661,0.00129122143142923,0.00187906064829375,0,0,0
"Minke_Whales_F",0,0,0,0,0,0,0,0,0,0,0,0,0,0,0,0,0,0,0,0,0,0,0,0,0,0,0,0
"Minke_Whales1_Nums",0,25.3487821563455,61.7419042606444,247.577884755843,48.6031902913694,96.2649388077608,176.731470433133,69.3277091322485,219.768496903737,338.160010758308,84.2898689554712,121.235297644171,160.322255397474,203.483205426154,208.955272992688,352.839391459882,72.3154781484958,130.07970546339,126.884062349394,191.226790016408,168.305647250748,1025.29896431223,27.6178914700617,155.091193213836,225.69773934318,0,0,0
"Minke_Whales2_Nums",0,9.32529581405303,22.7135772362666,91.0788138903874,17.8801144835382,35.4138918930021,65.0158745803482,25.5042388932679,80.8483118280346,124.402115784295,31.0085098877528,44.5999735475911,58.9792617229678,74.8572878999474,76.8703490583762,129.802358153533,26.6033776893143,47.8536493536178,46.6780379506573,70.3484046482448,61.9161874566032,377.186410024841,10.1600544803398,57.0548614901183,83.029558223227,0,0,0
"Minke_Whales3_Nums",0,3.43058461283222,8.35585810068212,33.5060231565535,6.57772652428546,13.0280427593035,23.9180036078911,9.38248515155835,29.7424317749519,45.7649808352716,11.4073932890657,16.4074133449489,21.6972578433496,27.5384572402424,28.2790210542491,47.7516189802573,9.78683571761776,17.6043737822231,17.1718905162672,25.8797317892988,22.7776924410014,138.759125737401,3.73767516449883,20.9893105610988,30.5448674798725,0,0,0
"Minke_Whales4_Nums",0,1.26204155026006,3.07394840858682,12.3261770747103,2.41981035793271,4.79274908985023,8.79894180120753,3.45162339435464,10.941629180449,16.8359955749015,4.19654546840434,6.03595005240868,7.98197509036416,10.130832260264,10.4032704623126,17.5668389054887,3.60037565463393,6.47628718917742,6.31718548698157,9.52062126831405,8.3794447663706,51.046629633713,1.37501385079621,7.72153583979087,11.2368287791512,0,0,0
"Minke_Whales5_Nums",0,0.464279140244814,1.13084242274076,4.53454713402467,0.890198482217149,1.76315385684904,3.23694979272827,1.26978128544946,4.02520042840874,6.19361664365963,1.54382280176714,2.22050193221884,2.93640453568754,3.72692491050755,3.82714932403094,6.46247887969993,1.324504183834,2.38249291202036,2.32396266672712,3.50244083179232,3.08262545797938,18.7790055833359,0.505839327033902,2.84059428972753,4.13379829181334,0,0,0
"Minke_Whales6_Nums",0,0.17079875066082,0.416013678530831,1.66816666563056,0.327485720169712,0.648628055556898,1.19080728084889,0.467126429701104,1.48078848420606,2.27850422969965,0.567940669581824,0.816877009944776,1.08024285964202,1.37105905336545,1.40792955460417,2.37741311884626,0.487257858978088,0.876470161068972,0.854938087138869,1.2884759759358,1.13403453082232,6.90841007975301,0.18608788895177,1.04499623989975,1.52073940550776,0,0,0
"Minke_Whales7_Nums",0,0.062833348945883,0.153042879577598,0.613684220732999,0.120475263727661,0.238616926606391,0.438073517021575,0.171846209914853,0.544751640062832,0.838214862728675,0.208933696144296,0.300512257924283,0.397399139534547,0.504384438365127,0.517948337756538,0.874601409594817,0.179252148867252,0.322435353057497,0.314514145732829,0.474003821990091,0.417187989468033,2.5414620395227,0.0684579085963507,0.38443263276058,0.559448762665584,0,0,0
"Minke_Whales8_Nums",0,0.0231150972971416,0.0563013290142752,0.225761808178987,0.0443203726951141,0.0877822616140064,0.161158240633905,0.0632186876709066,0.200402928923541,0.308362015282222,0.0768624113794477,0.110552281510354,0.146194973373981,0.185552665321335,0.190542545049553,0.321747877809497,0.065943180354065,0.118617337496709,0.115703288172707,0.174376261146843,0.153474884428937,0.934951634858044,0.0251842571581912,0.141424862108028,0.20580969817347,0,0,0
"Minke_Whales9_Nums",0,0.008503569076296,0.0207121014549811,0.0830531278307402,0.0163045539395886,0.0322932893473259,0.0592868035045738,0.0232568554919651,0.0737241175015126,0.113440045860524,0.0282761009453607,0.0406699115422568,0.0537821251068941,0.0682610108262843,0.0700966849922138,0.118364429486655,0.0242591403377211,0.0436368798315336,0.0425648609946737,0.0641494415042659,0.0564602547175692,0.343949484953904,0.00926477044967326,0.0520272992400498,0.0757131567517194,0,0,0
"Minke_Whales10_Nums",0,0.00312828823975053,0.00761955630874466,0.0305535382539131,0.0059981101918455,0.011880037238682,0.0218103961421037,0.00855571900178909,0.0271215871473142,0.0417322606776322,0.0104021962142866,0.0149616243306574,0.0197853381293368,0.0251118225165712,0.0257871293029063,0.0435438401741273,0.00892443899074042,0.01605311096689,0.0156587372762607,0.0235992606920495,0.0207705669538966,0.126531944316048,0.00340831857560749,0.0191397737700889,0.0278533137951483,0,0,0
"Minke_Whales11_Nums",0,0.00115083292946262,0.00280307811683532,0.0112400185786599,0.00220658142546085,0.00437042146046225,0.00802359634448491,0.00314747312519806,0.00997747432343652,0.0153524407369083,0.00382675413026744,0.00550407399777931,0.00727861913440846,0.00923812323419267,0.00948655471736888,0.0160188835897166,0.00328311762868222,0.00590560949156263,0.00576052751864121,0.00868168283545035,0.00764106456381352,0.0465485009653236,0.00125385033292873,0.00704112927868814,0.010246661513732,0,0,0
"Minke_Whales12_Nums",0,0.000423367774972402,0.00103119481118128,0.00413497175347402,0.000811755941697827,0.00160778820455853,0.00295171613939434,0.0011578906544,0.00367050767840824,0.00564784731891151,0.0014077841709433,0.00202483566646932,0.00267765433966595,0.00339851561286772,0.00348990844806797,0.00589301794317532,0.00120779147853973,0.00217255231953283,0.00211917964441045,0.00319381262993318,0.00281099056169063,0.0171242365224916,0.000461265759790448,0.00259028670425967,0.00376953611154465,0,0,0
"Minke_Whales13_Nums",0,0.000155748300466844,0.000379355370876259,0.00152117109792772,0.000298628322199393,0.000591472226215028,0.00108587568385712,0.000425964166878306,0.00135030431354831,0.0020777269155028,0.000517894854096622,0.000744895413444738,0.000985053982126597,0.0012502440244742,0.00128386556961474,0.00216792014774862,0.000444321654176824,0.000799237333225457,0.00077960262332761,0.00117493800550611,0.00103410563697295,0.00629965456238181,0.000169690189943231,0.000952913225236866,0.00138673483819062,0,0,0
"Minke_Whales14_Nums",0,0.000155748300466844,0.000379355370876259,0.00152117109792772,0.000298628322199393,0.000591472226215028,0.00108587568385712,0.000425964166878306,0.00135030431354831,0.0020777269155028,0.000517894854096622,0.000744895413444738,0.000985053982126597,0.0012502440244742,0.00128386556961474,0.00216792014774862,0.000444321654176824,0.000799237333225457,0.00077960262332761,0.00117493800550611,0.00103410563697295,0.00629965456238181,0.000169690189943231,0.000952913225236866,0.00138673483819062,0,0,0
"Minke_Whales15_Nums",0,0.000155748300466844,0.000379355370876259,0.00152117109792772,0.000298628322199393,0.000591472226215028,0.00108587568385712,0.000425964166878306,0.00135030431354831,0.0020777269155028,0.000517894854096622,0.000744895413444738,0.000985053982126597,0.0012502440244742,0.00128386556961474,0.00216792014774862,0.000444321654176824,0.000799237333225457,0.00077960262332761,0.00117493800550611,0.00103410563697295,0.00629965456238181,0.000169690189943231,0.000952913225236866,0.00138673483819062,0,0,0
"Other_Baleen_Whales_F",0,0,0,0,0,0,0,0,0,0,0,0,0,0,0,0,0,0,0,0,0,0,0,0,0,0,0,0
"Other_Baleen_Whales1_Nums",0,5.82860588535819,14.1967067422498,56.9271496860138,11.1756390990383,22.1348065334217,40.6369853329108,15.9409588584701,50.5327611626022,77.7552711109343,19.3813029454334,27.8763991502083,36.8639106841545,46.7881810417284,48.0464081639096,81.1305940050636,16.6279554946311,29.9100498064669,29.1752553636072,43.9699858893921,38.6995824909545,235.753478837086,6.35035654852116,35.6610994547169,51.896109396261,0,0,0
"Other_Baleen_Whales2_Nums",0,2.14422427591415,5.22267654281373,20.9423280139738,4.11128786648793,8.14294025795313,14.9495114551633,5.86435103659092,18.5899639373481,28.6045656844245,7.12998289674047,10.2551541412507,13.5614748618807,17.2124098950593,17.6752857856341,29.84627758449,6.11708297518852,11.0032924082131,10.7329766391979,16.1756538373058,14.2367807803405,86.7288580488105,2.33616561830937,13.1189853389605,19.0915117236685,0,0,0
"Other_Baleen_Whales3_Nums",0,0.788816028369537,1.92131532798951,7.7042519266097,1.51245828281851,2.99562031158825,5.49961791991156,2.15737418217424,6.83886554466888,10.5230316389379,2.62297412361483,3.77266037461031,4.98898779364925,6.33209173340823,6.50237425736461,10.9798319188299,2.2503490665117,4.0478850621794,3.94844144813428,5.95069049425074,5.23741895755199,31.9057638324338,0.859427302147589,4.82620499523312,7.02337466402122,0,0,0
"Other_Baleen_Whales4_Nums",0,0.290189199703663,0.706812409174907,2.8342358934052,0.556402307878393,1.1020271261889,2.02319636703351,0.793653608535955,2.51587803481942,3.87120699876188,0.964938254802576,1.38788419034129,1.83534604153883,2.32944636833253,2.39208980808686,4.03925443045552,0.827857157029,1.48913369460079,1.4525504334378,2.18913669360918,1.92673875928494,11.7374745688238,0.316165635641535,1.77546159662518,2.58375514653779,0,0,0
"Other_Baleen_Whales5_Nums",0,0.106754640620972,0.260021754100306,1.04265711661394,0.204688970088804,0.405413123338145,0.744292348884378,0.291968845991906,0.925539805504874,1.4241374673635,0.354980945941718,0.510574060353432,0.675186076117524,0.856955428221016,0.880000661830898,1.48595866262525,0.304551628297607,0.547821671399302,0.534363441726434,0.805338383492843,0.708807578049103,4.3179755851429,0.116310837357422,0.653155819987829,0.950510399432162,0,0,0
"Other_Baleen_Whales6_Nums",0,0.0392728375341012,0.0956566575908391,0.383572117393366,0.0753008639302269,0.149143153257206,0.273809853375766,0.107409335902973,0.340487066431058,0.523910895644997,0.130590192019549,0.187829699999455,0.248387076368854,0.315256284042782,0.32373415170485,0.54665364241044,0.112038282825977,0.201532330335981,0.196581324324769,0.29626743447326,0.260755735710788,1.5884944452543,0.0427883658492309,0.240282598054998,0.349673234570748,0,0,0
"Other_Baleen_Whales7_Nums",0,0.014447669525262,0.0351901177388458,0.141108296195618,0.0277016397423788,0.0548666998748077,0.100729015847111,0.0395136864685815,0.125258191724762,0.192736047513511,0.0480414468626231,0.0690986850711991,0.0913764988487823,0.115976305599444,0.119095138817291,0.201102636484286,0.0412165808758283,0.0741396010619791,0.0723182277373381,0.10899069823132,0.0959266743355328,0.584374448824092,0.0157409601172543,0.0883950278956949,0.128637594126497,0,0,0
"Other_Baleen_Whales8_Nums",0,0.00531500059118305,0.0129457208485239,0.0519108411490984,0.0101908637479589,0.0201843308888655,0.0370561340595847,0.0145362728966854,0.0460799135738506,0.070903629452863,0.0176734606248893,0.0254199856496742,0.033615535332693,0.0426652984930519,0.0438126531143405,0.0739815255279429,0.0151627327395973,0.0272744350073546,0.026604389206521,0.0400954371582232,0.0352894513479907,0.214979345668277,0.00579077561143747,0.0325187134646023,0.0473231262408947,0,0,0
"Other_Baleen_Whales9_Nums",0,0.00195527944731031,0.00476246455131644,0.0190969312326698,0.00374900926065344,0.00742540036781529,0.0136321898898141,0.00534759594994819,0.0169518528547765,0.0260839875801463,0.00650170281824978,0.00935149011538823,0.01236646435287,0.0156956861670367,0.0161177743439418,0.0272162822682304,0.00557805764687498,0.0100337039087724,0.00978720783400251,0.0147502870152918,0.0129822636411456,0.079086481547848,0.00213030729588483,0.0119629661369721,0.017409205235986,0,0,0
"Other_Baleen_Whales10_Nums",0,0.000719307110410525,0.0017520127977371,0.00702536838996405,0.00137918343175575,0.00273165213778612,0.00501500239860779,0.00196727060967761,0.00623623815503571,0.00959576277450705,0.00239184279944052,0.00344022095776929,0.00454936799540036,0.0057741202559318,0.00592939781857673,0.0100123107116008,0.00205205272995446,0.00369119338683891,0.00360051254860161,0.00542632734430394,0.00477590789344499,0.0290942906360379,0.000783696257533558,0.0044009292972222,0.00640448869345346,0,0,0
"Other_Baleen_Whales11_Nums",0,0.000264618297808468,0.000644529488956739,0.00258448859732349,0.000507373230147218,0.00100491866192353,0.00184491627987327,0.000723718412521201,0.00229418380748656,0.00353008384709938,0.000879909792428117,0.00126558656345045,0.00167361895583113,0.0021241801330089,0.00218130355598118,0.00368332326941856,0.000754908011549978,0.00135791416040602,0.00132455454431033,0.00199623427103585,0.00175695832692682,0.0107031913804651,0.000288305741269596,0.00161901141049713,0.00235607972153648,0,0,0
"Other_Baleen_Whales12_Nums",0,9.73476315215173e-05,0.00023710914821592,0.000950780220897332,0.000186652180371908,0.000369688915771183,0.000678706770047877,0.000266241125163783,0.000843983057042729,0.00129864527295926,0.000323700722719736,0.000465583277716238,0.000615690006205089,0.000781442200278793,0.000802456733199635,0.00135501890600747,0.000277715137424851,0.000499548702488956,0.000487276385561977,0.00073437354807595,0.000646348847471352,0.00393748406379652,0.000106061754984778,0.000595601012943874,0.000866753291314208,0,0,0
"Other_Baleen_Whales13_Nums",0,9.73476315215173e-05,0.00023710914821592,0.000950780220897332,0.000186652180371908,0.000369688915771183,0.000678706770047877,0.000266241125163783,0.000843983057042729,0.00129864527295926,0.000323700722719736,0.000465583277716238,0.000615690006205089,0.000781442200278793,0.000802456733199635,0.00135501890600747,0.000277715137424851,0.000499548702488956,0.000487276385561977,0.00073437354807595,0.000646348847471352,0.00393748406379652,0.000106061754984778,0.000595601012943874,0.000866753291314208,0,0,0
"Other_Baleen_Whales14_Nums",0,9.73476315215173e-05,0.00023710914821592,0.000950780220897332,0.000186652180371908,0.000369688915771183,0.000678706770047877,0.000266241125163783,0.000843983057042729,0.00129864527295926,0.000323700722719736,0.000465583277716238,0.000615690006205089,0.000781442200278793,0.000802456733199635,0.00135501890600747,0.000277715137424851,0.000499548702488956,0.000487276385561977,0.00073437354807595,0.000646348847471352,0.00393748406379652,0.000106061754984778,0.000595601012943874,0.000866753291314208,0,0,0
"Other_Baleen_Whales15_Nums",0,9.73476315215173e-05,0.00023710914821592,0.000950780220897332,0.000186652180371908,0.000369688915771183,0.000678706770047877,0.000266241125163783,0.000843983057042729,0.00129864527295926,0.000323700722719736,0.000465583277716238,0.000615690006205089,0.000781442200278793,0.000802456733199635,0.00135501890600747,0.000277715137424851,0.000499548702488956,0.000487276385561977,0.00073437354807595,0.000646348847471352,0.00393748406379652,0.000106061754984778,0.000595601012943874,0.000866753291314208,0,0,0
"Other_Baleen_Whales16_Nums",0,9.73476315215173e-05,0.00023710914821592,0.000950780220897332,0.000186652180371908,0.000369688915771183,0.000678706770047877,0.000266241125163783,0.000843983057042729,0.00129864527295926,0.000323700722719736,0.000465583277716238,0.000615690006205089,0.000781442200278793,0.000802456733199635,0.00135501890600747,0.000277715137424851,0.000499548702488956,0.000487276385561977,0.00073437354807595,0.000646348847471352,0.00393748406379652,0.000106061754984778,0.000595601012943874,0.000866753291314208,0,0,0
"Other_Baleen_Whales17_Nums",0,9.73476315215173e-05,0.00023710914821592,0.000950780220897332,0.000186652180371908,0.000369688915771183,0.000678706770047877,0.000266241125163783,0.000843983057042729,0.00129864527295926,0.000323700722719736,0.000465583277716238,0.000615690006205089,0.000781442200278793,0.000802456733199635,0.00135501890600747,0.000277715137424851,0.000499548702488956,0.000487276385561977,0.00073437354807595,0.000646348847471352,0.00393748406379652,0.000106061754984778,0.000595601012943874,0.000866753291314208,0,0,0
"Other_Baleen_Whales18_Nums",0,9.73476315215173e-05,0.00023710914821592,0.000950780220897332,0.000186652180371908,0.000369688915771183,0.000678706770047877,0.000266241125163783,0.000843983057042729,0.00129864527295926,0.000323700722719736,0.000465583277716238,0.000615690006205089,0.000781442200278793,0.000802456733199635,0.00135501890600747,0.000277715137424851,0.000499548702488956,0.000487276385561977,0.00073437354807595,0.000646348847471352,0.00393748406379652,0.000106061754984778,0.000595601012943874,0.000866753291314208,0,0,0
"Other_Baleen_Whales19_Nums",0,9.73476315215173e-05,0.00023710914821592,0.000950780220897332,0.000186652180371908,0.000369688915771183,0.000678706770047877,0.000266241125163783,0.000843983057042729,0.00129864527295926,0.000323700722719736,0.000465583277716238,0.000615690006205089,0.000781442200278793,0.000802456733199635,0.00135501890600747,0.000277715137424851,0.000499548702488956,0.000487276385561977,0.00073437354807595,0.000646348847471352,0.00393748406379652,0.000106061754984778,0.000595601012943874,0.000866753291314208,0,0,0
"Other_Baleen_Whales20_Nums",0,9.73476315215173e-05,0.00023710914821592,0.000950780220897332,0.000186652180371908,0.000369688915771183,0.000678706770047877,0.000266241125163783,0.000843983057042729,0.00129864527295926,0.000323700722719736,0.000465583277716238,0.000615690006205089,0.000781442200278793,0.000802456733199635,0.00135501890600747,0.000277715137424851,0.000499548702488956,0.000487276385561977,0.00073437354807595,0.000646348847471352,0.00393748406379652,0.000106061754984778,0.000595601012943874,0.000866753291314208,0,0,0
"Top_Predators_F",0,0,0,0,0,0,0,0,0,0,0,0,0,0,0,0,0,0,0,0,0,0,0,0,0,0,0,0
"Top_Predators1_Nums",0,100.119867340004,243.86146939006,977.856246710014,191.967603581884,380.21680266458,698.034772062598,191.67614045311,607.612422319244,934.939384685138,233.043280427217,335.18941026582,443.256405381944,562.587109127048,577.716193941476,975.524701470268,199.936676402844,359.642287428506,350.807024500836,528.700767995412,465.328759384606,2834.73016416928,76.3575042460458,428.793648392283,624.005496904116,0,0,0
"Top_Predators2_Nums",0,36.8320408471997,89.711621082462,359.733209585684,70.6209347287244,139.873944888238,256.792641864624,70.513711435789,223.52811837163,343.94497836714,85.7318317723244,123.309292935175,163.064918707572,206.964231315916,212.529910582883,358.87548202582,73.552592784754,132.305003720818,129.054692132384,194.498143077065,171.184883963409,1042.83894866643,28.0903559912814,157.744367748416,229.558793488995,0,0,0
"Top_Predators3_Nums",0,13.5497506040716,33.0030610304003,132.338452113191,25.9799900030081,51.45674867993,94.468733586096,25.9405447579224,82.2313992726594,126.530286435428,31.5389783630068,45.362953776238,59.9882311688084,76.1378857589762,78.1853847374476,132.022911777791,27.0584867303659,48.672290833,47.476568022214,71.5518681840736,62.9753994494574,383.63900966722,10.3338644643795,58.03090985523,84.449960664722,0,0,0
"Top_Predators4_Nums",0,4.98467468023826,12.1411476488107,48.6845958088943,9.55750420394626,18.929879948872,34.753104919827,9.54299310922728,30.2512412111717,46.5478910651276,11.6025417353012,16.6880980850884,22.0684369592445,28.0095628649873,28.7627956449865,48.5685150066403,9.9542609773119,17.905535152178,17.46565331275,26.3224612823298,23.1673547570147,141.132904487942,3.80161628429734,21.3483786882123,31.0674043362882,0,0,0
"Top_Predators5_Nums",0,1.83375933578749,4.46647861222444,17.9100618998336,3.51600930554146,6.96391365703352,12.7849528168784,3.51067097212546,11.1288097115083,17.1240121527483,4.26833656975093,6.13920819775654,8.11852425609406,10.3041423342279,10.581241188406,17.8673581591696,3.6619679656082,6.58707826565886,6.42525478038864,9.6834923468004,8.52279352143112,51.9198940339266,1.39853647421556,7.85362962173588,11.4290593458809,0,0,0
"Top_Predators6_Nums",0,0.674602359692416,1.64312565586933,6.58874356305672,1.29346753847618,2.56188066451567,4.7033212976765,1.29150367536232,4.094060297573,6.29957202136604,1.5702332720116,2.25848848102581,2.98663816646869,3.79068212366676,3.89262109529104,6.57303373480534,1.34716272877567,2.42325067132313,2.36371913799351,3.56235775312887,3.13536051788367,19.1002616028814,0.5144928165923,2.88918887641168,4.20451596527793,0,0,0
"Top_Predators7_Nums",0,0.248172339096582,0.604472148055666,2.42386329999924,0.47584011522802,0.942463227209946,1.73025521063897,0.475117650363153,1.50612061439335,2.31748303483939,0.577656538616434,0.830851480291916,1.0987227796618,1.3945140213131,1.43201527322784,2.41808397716123,0.495593471828987,0.891464102784676,0.869563675571294,1.3105181794738,1.15343467519005,7.02659356469638,0.189271329854697,1.06287318929308,1.54675498370285,0,0,0
"Top_Predators8_Nums",0,0.0912975014210604,0.22237287603042,0.89168947627969,0.175051795677039,0.34671284535063,0.63652531997384,0.174786015706285,0.554070809959814,0.852554363781014,0.212507964615243,0.305653178266256,0.404197522184317,0.513013038866406,0.526808978464028,0.88956338222369,0.182318649464663,0.327951315956828,0.319894599032153,0.48211269550984,0.42432490373668,2.58493931391936,0.0696290310567214,0.391009194913246,0.56901935903375,0,0,0
"Top_Predators9_Nums",0,0.0335864738031287,0.0818064093657574,0.328034226232228,0.0643979567697264,0.12754852779455,0.23416457900345,0.0643001817826112,0.203831259937425,0.313637222916034,0.0781773112671362,0.112443520412865,0.148695958584048,0.188726950051837,0.193802192601445,0.327252079939029,0.0670712828801924,0.120646546845637,0.117682646325711,0.177359349005817,0.156100408461776,0.950946030266744,0.0256150890344557,0.14384424411758,0.209330523817068,0,0,0
"Top_Predators10_Nums",0,0.0123557732136143,0.0300948961617171,0.120677047831419,0.0236906843490297,0.0469224811272993,0.0861443344659352,0.0236547149414092,0.0749853299990506,0.115380686296914,0.02875982558124,0.0413656594528346,0.0547021861483516,0.0694287649190604,0.0712958423120198,0.120389312290162,0.0246741460646169,0.0443833842328373,0.043293026165879,0.0652468581987908,0.057426131031552,0.34983349419873,0.0094232646395523,0.052917340141704,0.0770083961219482,0,0,0
"Top_Predators11_Nums",0,0.0045454349450655,0.0110712935820851,0.0443946049184417,0.00871531571929006,0.0172618161354884,0.0316907296234141,0.00870208331371538,0.027585561296107,0.042446182396886,0.0105801485630147,0.015217575683197,0.0201238096711118,0.0255414152396474,0.0262282746275931,0.0442887529283193,0.0090771110656338,0.0163277345888736,0.0159266142725242,0.0240029777323635,0.0211258929925253,0.128696550348882,0.00346662532960913,0.0194672015196092,0.0283298057308514,0,0,0
"Top_Predators12_Nums",0,0.00167217206747184,0.00407290129602243,0.0163318624484233,0.00320618547644512,0.00635026727352766,0.0116583679041768,0.00320131754647695,0.0101481608740124,0.0156150778600276,0.0038922191408727,0.00559823323831864,0.00740313585604908,0.00939616156508924,0.00964884301289008,0.0162929216774501,0.00333928254627647,0.00600663787615044,0.00585907395832934,0.00883020203463246,0.0077717817083379,0.0473448150230393,0.00127530018900737,0.0071615832162057,0.0104219531007611,0,0,0
"Top_Predators13_Nums",0,0.000615157725724034,0.00149833665272717,0.00600815643081484,0.00117948972136662,0.00233613277587466,0.00428887386955966,0.00117769891001027,0.00373329975124957,0.0057444661169955,0.00143186740246104,0.00205947491526005,0.0027234614816396,0.0034566546657216,0.00354961097553297,0.00599383092175044,0.00122845339703774,0.00220971858519744,0.00215543285357235,0.00324844978993152,0.00285907871176979,0.017417184093041,0.000469156720857866,0.00263459923148053,0.00383402228262297,0,0,0
"Top_Predators14_Nums",0,0.000226303880371653,0.000551207250491964,0.00221027723023877,0.000433910019563814,0.00085941522009106,0.00157778852238841,0.000433251216882794,0.00137340422621518,0.00211327098494859,0.00052675457984897,0.000757638480932472,0.00100190548791753,0.00127163218674833,0.00130582890205509,0.00220500716996966,0.000451922749207404,0.000812910038268584,0.000792939433654762,0.0011950378933935,0.00105179627875104,0.00640742395092804,0.000172593112291018,0.000969214892987768,0.0014104579747702,0,0,0
"Top_Predators15_Nums",0,0.000226303880371653,0.000551207250491964,0.00221027723023877,0.000433910019563814,0.00085941522009106,0.00157778852238841,0.000433251216882794,0.00137340422621518,0.00211327098494859,0.00052675457984897,0.000757638480932472,0.00100190548791753,0.00127163218674833,0.00130582890205509,0.00220500716996966,0.000451922749207404,0.000812910038268584,0.000792939433654762,0.0011950378933935,0.00105179627875104,0.00640742395092804,0.000172593112291018,0.000969214892987768,0.0014104579747702,0,0,0
"Top_Predators16_Nums",0,0.000226303880371653,0.000551207250491964,0.00221027723023877,0.000433910019563814,0.00085941522009106,0.00157778852238841,0.000433251216882794,0.00137340422621518,0.00211327098494859,0.00052675457984897,0.000757638480932472,0.00100190548791753,0.00127163218674833,0.00130582890205509,0.00220500716996966,0.000451922749207404,0.000812910038268584,0.000792939433654762,0.0011950378933935,0.00105179627875104,0.00640742395092804,0.000172593112291018,0.000969214892987768,0.0014104579747702,0,0,0
"Top_Predators17_Nums",0,0.000226303880371653,0.000551207250491964,0.00221027723023877,0.000433910019563814,0.00085941522009106,0.00157778852238841,0.000433251216882794,0.00137340422621518,0.00211327098494859,0.00052675457984897,0.000757638480932472,0.00100190548791753,0.00127163218674833,0.00130582890205509,0.00220500716996966,0.000451922749207404,0.000812910038268584,0.000792939433654762,0.0011950378933935,0.00105179627875104,0.00640742395092804,0.000172593112291018,0.000969214892987768,0.0014104579747702,0,0,0
"Top_Predators18_Nums",0,0.000226303880371653,0.000551207250491964,0.00221027723023877,0.000433910019563814,0.00085941522009106,0.00157778852238841,0.000433251216882794,0.00137340422621518,0.00211327098494859,0.00052675457984897,0.000757638480932472,0.00100190548791753,0.00127163218674833,0.00130582890205509,0.00220500716996966,0.000451922749207404,0.000812910038268584,0.000792939433654762,0.0011950378933935,0.00105179627875104,0.00640742395092804,0.000172593112291018,0.000969214892987768,0.0014104579747702,0,0,0
"Top_Predators19_Nums",0,0.000226303880371653,0.000551207250491964,0.00221027723023877,0.000433910019563814,0.00085941522009106,0.00157778852238841,0.000433251216882794,0.00137340422621518,0.00211327098494859,0.00052675457984897,0.000757638480932472,0.00100190548791753,0.00127163218674833,0.00130582890205509,0.00220500716996966,0.000451922749207404,0.000812910038268584,0.000792939433654762,0.0011950378933935,0.00105179627875104,0.00640742395092804,0.000172593112291018,0.000969214892987768,0.0014104579747702,0,0,0
"Top_Predators20_Nums",0,0.000226303880371653,0.000551207250491964,0.00221027723023877,0.000433910019563814,0.00085941522009106,0.00157778852238841,0.000433251216882794,0.00137340422621518,0.00211327098494859,0.00052675457984897,0.000757638480932472,0.00100190548791753,0.00127163218674833,0.00130582890205509,0.00220500716996966,0.000451922749207404,0.000812910038268584,0.000792939433654762,0.0011950378933935,0.00105179627875104,0.00640742395092804,0.000172593112291018,0.000969214892987768,0.0014104579747702,0,0,0
"Humpback_Whales_F",0,0,0,0,0,0,0,0,0,0,0,0,0,0,0,0,0,0,0,0,0,0,0,0,0,0,0,0
"Humpback_Whales1_Nums",0,48.4622762124488,118.039328268593,473.324034311762,92.9204889678268,184.041111928067,337.878533285619,132.542012015448,420.157526071818,646.500638346106,161.146949231586,231.779911354025,306.507088827941,389.023000992108,399.484602193575,674.564953144334,138.254084746648,248.688815775031,242.579325452706,365.590956592572,321.769886808504,1960.18575181918,52.8004018722657,296.506246228705,431.493162752847,0,0,0
"Humpback_Whales2_Nums",0,17.8282750909318,43.4242421197024,174.126181235623,34.1835375548613,67.7049414086683,124.29856600894,48.7594813119818,154.567315895276,237.834293551746,59.2826496297988,85.2670642636851,112.757656553108,143.113564207814,146.962172211568,248.158577996578,50.860835436266,91.4875025729061,89.2399466872867,134.493396808608,118.372526144911,721.112038971464,19.4241823343967,109.078552166458,158.737463582816,0,0,0
"Humpback_Whales3_Nums",0,6.55865587750272,15.9748859242895,64.0574422462785,12.5754206929454,24.9072560099661,45.7268870017806,17.9376107368612,56.862137794924,87.4943470032212,21.8088680169728,31.3679999516539,41.4812236805589,52.648538024824,54.064361786533,91.2924389952808,18.7106557178062,33.6563713206916,32.8295417174884,49.4773556591999,43.5468187682417,265.282293918822,7.14575734239005,40.1277568147867,58.3962493958183,0,0,0
"Humpback_Whales4_Nums",0,2.4127946590515,5.87683210660517,23.5654160564329,4.62623873701654,9.16286742206038,16.8219816367247,6.59887821382738,20.9184114758102,32.1873714812053,8.02303417866569,11.5396422928803,15.2600893867116,19.3683147470657,19.8891672013204,33.5846114407619,6.88326556941781,12.3814870733146,12.0773134609442,18.2017019505472,16.0199793532548,97.5919020395344,2.62877721786518,14.7621767524873,21.4827795942418,0,0,0
"Humpback_Whales5_Nums",0,0.887617550833307,2.1619657112363,8.66923208981305,1.70189812129933,3.37083054675559,6.18846120391456,2.42759162966122,7.69545352391534,11.8410722332834,2.95150933014691,4.24519715802314,5.61387315580973,7.12520480558312,7.31681571538714,12.3550880887875,2.53221189111205,4.5548945454024,4.44299532686448,6.69603194193644,5.89342105205343,35.9020543851621,0.967073093872463,5.43070133417907,7.90307295193895,0,0,0
"Humpback_Whales6_Nums",0,0.326536248574521,0.795342737681429,3.18923225658596,0.626093329794323,1.24005925782407,2.27660764940724,0.893061052112241,2.83099914193878,4.35608703605098,1.08579960298674,1.56172075815615,2.06522851936665,2.62121636210999,2.69170607653105,4.54518290172709,0.931548695429983,1.67565205995749,1.63448663797423,2.46333248886571,2.16806844321743,13.2076277041201,0.355766309345739,1.9978433719868,2.90737806109644,0,0,0
"Humpback_Whales7_Nums",0,0.120125972647814,0.292590241878009,1.17325298031878,0.230326864285903,0.456192306787794,0.837517149830564,0.328538800783031,1.04146638229327,1.6025148645166,0.399443351170938,0.574524959776325,0.759755113595927,0.964291610482466,0.990223327232017,1.67207934590936,0.342697613498768,0.616437943414936,0.601294030980151,0.906209379423374,0.797587807312268,4.85881469899218,0.130879111069737,0.734965503234574,1.06956461639027,0,0,0
"Humpback_Whales8_Nums",0,0.0441918756878537,0.107637934674299,0.431615650752403,0.0847325181202689,0.167823770887805,0.308105341051168,0.120862670435197,0.383134070716892,0.589532272827296,0.146946996808413,0.21135592114156,0.279498286616815,0.3547430587906,0.364282804257041,0.615123615367445,0.126071406544714,0.22677484614036,0.221203712096702,0.33337580008659,0.293416156839193,1.78745803622083,0.04814773424135,0.270378698610223,0.393470833374401,0,0,0
"Humpback_Whales9_Nums",0,0.0162572825323655,0.0395977832568294,0.158782524399642,0.0311713514151335,0.0617389150494897,0.11334562068784,0.0444628916581886,0.14094714782907,0.216876803080236,0.0540587790677006,0.0777534981578324,0.10282167348897,0.130502678227334,0.134012154458446,0.226291331872733,0.046379078587367,0.0834258036698554,0.0813762979911833,0.122642103035937,0.107941771808675,0.657569063482323,0.017712561566379,0.0994667645493907,0.144749830299036,0,0,0
"Humpback_Whales10_Nums",0,0.00598072001297286,0.0145672103761503,0.0584128263439314,0.011467299339158,0.0227124775669374,0.0416975235978729,0.0163569837360808,0.051851557978067,0.0797845171202062,0.0198871134338362,0.0286039134514282,0.0378259797834346,0.0480092523376481,0.0493003164923541,0.0832479287112824,0.017061909512767,0.0306906380333449,0.0299366670295973,0.0451175083289511,0.0397095586920305,0.241906139605506,0.00651608725075426,0.0365917777575613,0.0532504866800705,0,0,0
"Humpback_Whales11_Nums",0,0.00220018393617532,0.005358977212605,0.02148887791265,0.00421858367263509,0.00835545355494388,0.0153396616794185,0.00601739803607978,0.0190751221728399,0.0293510835723148,0.00731606017655273,0.0105227916958277,0.0139154003044922,0.0176616169210328,0.0181365728807825,0.0306252014929866,0.00627672573687443,0.0112904547689019,0.0110130843373838,0.0165978037511024,0.0146083302607888,0.0889922954540144,0.00239713453643184,0.0134613627529213,0.0195897592819717,0,0,0
"Humpback_Whales12_Nums",0,0.000809402436914561,0.00197145754222362,0.00790531639790704,0.00155193020402397,0.00307379958452669,0.00564314616638347,0.00221367702681916,0.00701734528522134,0.0107976602223595,0.00269142812932686,0.00387111872862459,0.00511918968769351,0.00649734576309362,0.0066720722961474,0.0112663820110027,0.00230907835646778,0.00415352619095509,0.00405148731161071,0.00610599076862883,0.00537410437278685,0.0327384359201867,0.000881856513675308,0.00495215860695074,0.00720666969733482,0,0,0
"Humpback_Whales13_Nums",0,0.000297762516174932,0.000725258698926454,0.00290820337874548,0.000570923216193419,0.00113078767342869,0.00207599745813792,0.000814366267560294,0.00258153706203428,0.00397223720856072,0.000990121076169866,0.00142410499459472,0.0018832446415593,0.00239023992842452,0.00245451822776217,0.00414467031823168,0.000849462455398438,0.00152799689401951,0.00149045888810854,0.00224626847176116,0.00197702251345783,0.0120437975111454,0.000324416881444269,0.00182179734091739,0.0026511856209627,0,0,0
"Humpback_Whales14_Nums",0,0.000109540708052236,0.00026680776486579,0.00106986823378578,0.000210030913725037,0.000415993537384502,0.00076371678477311,0.000299588607418954,0.000949694411744539,0.00146130440448573,0.000364245188193438,0.000523898949580964,0.000692806986325948,0.000879320129134481,0.000902966793974265,0.00152473900051094,0.000312499773388099,0.000562118643483596,0.000548309182846378,0.000826355990112525,0.000727305937434227,0.00443066549798216,0.0001193463010523,0.000670201787704308,0.000975316684681522,0,0,0
"Humpback_Whales15_Nums",0,0.000109540708052236,0.00026680776486579,0.00106986823378578,0.000210030913725037,0.000415993537384502,0.00076371678477311,0.000299588607418954,0.000949694411744539,0.00146130440448573,0.000364245188193438,0.000523898949580964,0.000692806986325948,0.000879320129134481,0.000902966793974265,0.00152473900051094,0.000312499773388099,0.000562118643483596,0.000548309182846378,0.000826355990112525,0.000727305937434227,0.00443066549798216,0.0001193463010523,0.000670201787704308,0.000975316684681522,0,0,0
"Humpback_Whales16_Nums",0,0.000109540708052236,0.00026680776486579,0.00106986823378578,0.000210030913725037,0.000415993537384502,0.00076371678477311,0.000299588607418954,0.000949694411744539,0.00146130440448573,0.000364245188193438,0.000523898949580964,0.000692806986325948,0.000879320129134481,0.000902966793974265,0.00152473900051094,0.000312499773388099,0.000562118643483596,0.000548309182846378,0.000826355990112525,0.000727305937434227,0.00443066549798216,0.0001193463010523,0.000670201787704308,0.000975316684681522,0,0,0
"Humpback_Whales17_Nums",0,0.000109540708052236,0.00026680776486579,0.00106986823378578,0.000210030913725037,0.000415993537384502,0.00076371678477311,0.000299588607418954,0.000949694411744539,0.00146130440448573,0.000364245188193438,0.000523898949580964,0.000692806986325948,0.000879320129134481,0.000902966793974265,0.00152473900051094,0.000312499773388099,0.000562118643483596,0.000548309182846378,0.000826355990112525,0.000727305937434227,0.00443066549798216,0.0001193463010523,0.000670201787704308,0.000975316684681522,0,0,0
"Humpback_Whales18_Nums",0,0.000109540708052236,0.00026680776486579,0.00106986823378578,0.000210030913725037,0.000415993537384502,0.00076371678477311,0.000299588607418954,0.000949694411744539,0.00146130440448573,0.000364245188193438,0.000523898949580964,0.000692806986325948,0.000879320129134481,0.000902966793974265,0.00152473900051094,0.000312499773388099,0.000562118643483596,0.000548309182846378,0.000826355990112525,0.000727305937434227,0.00443066549798216,0.0001193463010523,0.000670201787704308,0.000975316684681522,0,0,0
"Humpback_Whales19_Nums",0,0.000109540708052236,0.00026680776486579,0.00106986823378578,0.000210030913725037,0.000415993537384502,0.00076371678477311,0.000299588607418954,0.000949694411744539,0.00146130440448573,0.000364245188193438,0.000523898949580964,0.000692806986325948,0.000879320129134481,0.000902966793974265,0.00152473900051094,0.000312499773388099,0.000562118643483596,0.000548309182846378,0.000826355990112525,0.000727305937434227,0.00443066549798216,0.0001193463010523,0.000670201787704308,0.000975316684681522,0,0,0
"Humpback_Whales20_Nums",0,0.000109540708052236,0.00026680776486579,0.00106986823378578,0.000210030913725037,0.000415993537384502,0.00076371678477311,0.000299588607418954,0.000949694411744539,0.00146130440448573,0.000364245188193438,0.000523898949580964,0.000692806986325948,0.000879320129134481,0.000902966793974265,0.00152473900051094,0.000312499773388099,0.000562118643483596,0.000548309182846378,0.000826355990112525,0.000727305937434227,0.00443066549798216,0.0001193463010523,0.000670201787704308,0.000975316684681522,0,0,0
"Ice_Krill_F",0,0,0,0,0,0,0,0,0,0,0,0,0,0,0,0,0,0,0,0,0,0,0,0,0,0,0,0
"Ice_Krill1_Nums",0,3034173.50801246,7390321.51866094,29634333.2970691,5817656.70150923,11522625.6346138,21154229.1188953,0,0,0,0,0,0,0,0,0,0,0,0,0,0,0,0,0,0,0,0,0
"Ice_Krill2_Nums",0,1070884.76753381,2608348.7712921,10459176.4577891,2053290.60053267,4066809.04751076,7466198.51255129,0,0,0,0,0,0,0,0,0,0,0,0,0,0,0,0,0,0,0,0,0
"Ice_Krill3_Nums",0,21627410.2843183,52677777.06022,211231784.545432,41467914.7532578,82132597.7220193,150786100.793067,0,0,0,0,0,0,0,0,0,0,0,0,0,0,0,0,0,0,0,0,0
"Ice_Krill4_Nums",0,1650947.34994795,4021204.35574198,16124563.7057582,3165489.67582119,6269663.94824575,11510389.3735166,0,0,0,0,0,0,0,0,0,0,0,0,0,0,0,0,0,0,0,0,0
"Ice_Krill5_Nums",0,82547.3674973978,201060.217787099,806228.185287908,158274.48379106,313483.197412288,575519.468675829,0,0,0,0,0,0,0,0,0,0,0,0,0,0,0,0,0,0,0,0,0
"Antarctic_Krill_F",0,0,0,0,0,0,0,0,0,0,0,0,0,0,0,0,0,0,0,0,0,0,0,0,0,0,0,0
"Antarctic_Krill1_Nums",0,44806126058.4974,109134061286.711,437614945177.536,2675496222.0004,5299168193.43028,9728669632.95592,85779831113.6671,271921642651.509,418408584032.534,3247977287.37413,4671611168.17409,6177765497.14032,3912002412.77404,4017203927.9473,6783402825.90895,2786563005.2883,5012416487.63987,4889277415.51368,3676370550.40745,3235707324.09839,19711562995.1081,1064211931.17897,5976194758.30964,8696906760.94892,0,0,0
"Antarctic_Krill2_Nums",0,49606782421.9079,120826996424.573,484502260732.272,6941828035.4605,13749193150.5218,25241953642.264,94970527304.4171,301056104364.17,463238075178.877,8427184313.18693,12120937084.9922,16028796965.5533,4331145528.4284,4447618634.51308,7510195985.82777,7230001311.01828,13005188724.6872,12685692753.7652,4070267395.09396,3582390251.68036,21823516173.1554,2761198524.14002,15505802616.1547,22564947271.6512,0,0,0
"Antarctic_Krill3_Nums",0,81740064691.4395,199093874305.688,798343375681.518,6437912784.18847,12751123465.4417,23409611304.3001,169176889140.843,536289906340.475,825194707397.499,8449130105.6692,12152502025.3177,16070538624.3177,7715338091.85992,7922818857.89606,13378377795.5427,7248829439.4324,13039056403.6578,12718728411.9782,7250619696.6369,6381533889.19404,38875582573.6855,2768389145.29664,15546182310.4676,22623710155.1712,0,0,0
"Antarctic_Krill4_Nums",0,51149215531.263,124583893177.202,499566981563.285,5384436146.77581,10664575989.2785,19578947636.3238,105863204271.232,335585836764.362,516369323944.914,7066545179.28696,10163910784.8112,13440814122.1566,4827907739.57431,4957739768.22068,8371580471.65746,6062657349.34346,10905392628.5138,10637481944.5636,4537108099.9076,3993273721.40714,24326571791.5818,2315380012.42991,13002261568.7548,18921648493.4159,0,0,0
"Antarctic_Krill5_Nums",0,34702522434.3938,84524763538.2297,338934511607.244,4732283942.66322,9372903742.1298,17207584413.2908,71823588749.9355,227680423013.763,350334171551.05,6210659272.4789,8932878112.11668,11812889430.3426,3275525829.74334,3363611225.38444,5679753953.43964,5328360341.19316,9584553148.66274,9349091274.25926,3078230897.36497,2709262878.51095,16504522983.9993,2034945787.32194,11427453490.5515,16629896036.1388,0,0,0
"Antarctic_Krill6_Nums",0,7894412686.49717,19228382226.7063,77103585578.8992,668874055.500101,1324792048.35757,2432167408.23898,16339015450.2223,51794598600.2874,79696873149.054,877831699.290304,1262597613.02003,1669666350.57846,745143316.718866,765181700.56139,1292076728.74456,753125136.564404,1354707158.82159,1321426328.51721,700261057.220466,616325204.59017,3754583427.63964,287624846.264586,1615187772.51612,2350515340.79701,0,0,0
